prompt,project,language,k,source,labelled_useful,returned,useful,useless,unjudged,vector_only_useful
7-needle-gate:0,P0063,de,5,fts,0,5,0,5,0,0
7-needle-gate:0,P0063,de,5,currentMiniLM,0,5,0,1,4,0
7-needle-gate:0,P0063,de,5,rebuiltMiniLM,0,5,0,1,4,0
7-needle-gate:0,P0063,de,5,e5CurrentKinds,0,5,0,0,5,0
7-needle-gate:0,P0063,de,5,e5,0,5,0,0,5,0
7-needle-gate:0,P0063,de,5,unionCurrentMiniLM,0,9,0,5,4,0
7-needle-gate:0,P0063,de,5,unionRebuiltMiniLM,0,10,0,6,4,0
7-needle-gate:0,P0063,de,5,unionE5,0,10,0,5,5,0
7-needle-gate:0,P0063,de,5,rrfE5,0,5,0,3,2,0
7-needle-gate:0,P0063,de,12,fts,0,12,0,12,0,0
7-needle-gate:0,P0063,de,12,currentMiniLM,0,12,0,1,11,0
7-needle-gate:0,P0063,de,12,rebuiltMiniLM,0,12,0,2,10,0
7-needle-gate:0,P0063,de,12,e5CurrentKinds,0,12,0,3,9,0
7-needle-gate:0,P0063,de,12,e5,0,12,0,2,10,0
7-needle-gate:0,P0063,de,12,unionCurrentMiniLM,0,23,0,12,11,0
7-needle-gate:0,P0063,de,12,unionRebuiltMiniLM,0,22,0,12,10,0
7-needle-gate:0,P0063,de,12,unionE5,0,23,0,13,10,0
7-needle-gate:0,P0063,de,12,rrfE5,0,12,0,6,6,0
7-needle-gate:1,P0062,de,5,fts,2,5,2,3,0,0
7-needle-gate:1,P0062,de,5,currentMiniLM,2,5,0,0,5,0
7-needle-gate:1,P0062,de,5,rebuiltMiniLM,2,5,1,0,4,0
7-needle-gate:1,P0062,de,5,e5CurrentKinds,2,5,0,2,3,0
7-needle-gate:1,P0062,de,5,e5,2,5,1,3,1,0
7-needle-gate:1,P0062,de,5,unionCurrentMiniLM,2,10,2,3,5,0
7-needle-gate:1,P0062,de,5,unionRebuiltMiniLM,2,9,2,3,4,0
7-needle-gate:1,P0062,de,5,unionE5,2,9,2,6,1,0
7-needle-gate:1,P0062,de,5,rrfE5,2,5,2,3,0,0
7-needle-gate:1,P0062,de,12,fts,2,12,2,10,0,0
7-needle-gate:1,P0062,de,12,currentMiniLM,2,12,0,1,11,0
7-needle-gate:1,P0062,de,12,rebuiltMiniLM,2,12,1,0,11,0
7-needle-gate:1,P0062,de,12,e5CurrentKinds,2,12,0,2,10,0
7-needle-gate:1,P0062,de,12,e5,2,12,1,3,8,0
7-needle-gate:1,P0062,de,12,unionCurrentMiniLM,2,23,2,10,11,0
7-needle-gate:1,P0062,de,12,unionRebuiltMiniLM,2,23,2,10,11,0
7-needle-gate:1,P0062,de,12,unionE5,2,20,2,10,8,0
7-needle-gate:1,P0062,de,12,rrfE5,2,12,2,7,3,0
7-needle-gate:2,P0054,de,5,fts,1,5,0,5,0,0
7-needle-gate:2,P0054,de,5,currentMiniLM,1,5,0,0,5,0
7-needle-gate:2,P0054,de,5,rebuiltMiniLM,1,5,0,0,5,0
7-needle-gate:2,P0054,de,5,e5CurrentKinds,1,5,0,0,5,0
7-needle-gate:2,P0054,de,5,e5,1,5,0,0,5,0
7-needle-gate:2,P0054,de,5,unionCurrentMiniLM,1,10,0,5,5,0
7-needle-gate:2,P0054,de,5,unionRebuiltMiniLM,1,10,0,5,5,0
7-needle-gate:2,P0054,de,5,unionE5,1,10,0,5,5,0
7-needle-gate:2,P0054,de,5,rrfE5,1,5,0,3,2,0
7-needle-gate:2,P0054,de,12,fts,1,12,0,12,0,0
7-needle-gate:2,P0054,de,12,currentMiniLM,1,12,0,2,10,0
7-needle-gate:2,P0054,de,12,rebuiltMiniLM,1,12,1,0,11,1
7-needle-gate:2,P0054,de,12,e5CurrentKinds,1,12,0,0,12,0
7-needle-gate:2,P0054,de,12,e5,1,12,0,0,12,0
7-needle-gate:2,P0054,de,12,unionCurrentMiniLM,1,24,0,14,10,0
7-needle-gate:2,P0054,de,12,unionRebuiltMiniLM,1,24,1,12,11,1
7-needle-gate:2,P0054,de,12,unionE5,1,24,0,12,12,0
7-needle-gate:2,P0054,de,12,rrfE5,1,12,0,6,6,0
7-needle-gate:3,P0076,de,5,fts,2,5,1,4,0,0
7-needle-gate:3,P0076,de,5,currentMiniLM,2,5,1,2,2,0
7-needle-gate:3,P0076,de,5,rebuiltMiniLM,2,5,1,1,3,0
7-needle-gate:3,P0076,de,5,e5CurrentKinds,2,5,0,3,2,0
7-needle-gate:3,P0076,de,5,e5,2,5,0,4,1,0
7-needle-gate:3,P0076,de,5,unionCurrentMiniLM,2,9,1,6,2,0
7-needle-gate:3,P0076,de,5,unionRebuiltMiniLM,2,9,1,5,3,0
7-needle-gate:3,P0076,de,5,unionE5,2,10,1,8,1,0
7-needle-gate:3,P0076,de,5,rrfE5,2,5,1,4,0,0
7-needle-gate:3,P0076,de,12,fts,2,12,2,10,0,0
7-needle-gate:3,P0076,de,12,currentMiniLM,2,12,1,5,6,0
7-needle-gate:3,P0076,de,12,rebuiltMiniLM,2,12,1,3,8,0
7-needle-gate:3,P0076,de,12,e5CurrentKinds,2,12,1,4,7,0
7-needle-gate:3,P0076,de,12,e5,2,12,0,5,7,0
7-needle-gate:3,P0076,de,12,unionCurrentMiniLM,2,18,2,10,6,0
7-needle-gate:3,P0076,de,12,unionRebuiltMiniLM,2,21,2,11,8,0
7-needle-gate:3,P0076,de,12,unionE5,2,21,2,12,7,0
7-needle-gate:3,P0076,de,12,rrfE5,2,12,2,8,2,0
7-needle-gate:4,P0076,en,5,fts,3,5,2,3,0,0
7-needle-gate:4,P0076,en,5,currentMiniLM,3,5,2,1,2,1
7-needle-gate:4,P0076,en,5,rebuiltMiniLM,3,5,3,1,1,1
7-needle-gate:4,P0076,en,5,e5CurrentKinds,3,5,2,0,3,1
7-needle-gate:4,P0076,en,5,e5,3,5,3,2,0,1
7-needle-gate:4,P0076,en,5,unionCurrentMiniLM,3,9,3,4,2,1
7-needle-gate:4,P0076,en,5,unionRebuiltMiniLM,3,7,3,3,1,1
7-needle-gate:4,P0076,en,5,unionE5,3,6,3,3,0,1
7-needle-gate:4,P0076,en,5,rrfE5,3,5,2,3,0,0
7-needle-gate:4,P0076,en,12,fts,3,12,3,9,0,0
7-needle-gate:4,P0076,en,12,currentMiniLM,3,12,2,3,7,0
7-needle-gate:4,P0076,en,12,rebuiltMiniLM,3,12,3,4,5,0
7-needle-gate:4,P0076,en,12,e5CurrentKinds,3,12,2,3,7,0
7-needle-gate:4,P0076,en,12,e5,3,12,3,6,3,0
7-needle-gate:4,P0076,en,12,unionCurrentMiniLM,3,19,3,9,7,0
7-needle-gate:4,P0076,en,12,unionRebuiltMiniLM,3,17,3,9,5,0
7-needle-gate:4,P0076,en,12,unionE5,3,15,3,9,3,0
7-needle-gate:4,P0076,en,12,rrfE5,3,12,3,8,1,0
7-needle-gate:5,P0077,de,5,fts,2,5,1,4,0,0
7-needle-gate:5,P0077,de,5,currentMiniLM,2,5,0,1,4,0
7-needle-gate:5,P0077,de,5,rebuiltMiniLM,2,5,1,0,4,0
7-needle-gate:5,P0077,de,5,e5CurrentKinds,2,5,0,2,3,0
7-needle-gate:5,P0077,de,5,e5,2,5,2,0,3,1
7-needle-gate:5,P0077,de,5,unionCurrentMiniLM,2,9,1,4,4,0
7-needle-gate:5,P0077,de,5,unionRebuiltMiniLM,2,9,1,4,4,0
7-needle-gate:5,P0077,de,5,unionE5,2,9,2,4,3,1
7-needle-gate:5,P0077,de,5,rrfE5,2,5,2,2,1,1
7-needle-gate:5,P0077,de,12,fts,2,12,2,10,0,0
7-needle-gate:5,P0077,de,12,currentMiniLM,2,12,0,5,7,0
7-needle-gate:5,P0077,de,12,rebuiltMiniLM,2,12,1,0,11,0
7-needle-gate:5,P0077,de,12,e5CurrentKinds,2,12,0,5,7,0
7-needle-gate:5,P0077,de,12,e5,2,12,2,1,9,0
7-needle-gate:5,P0077,de,12,unionCurrentMiniLM,2,19,2,10,7,0
7-needle-gate:5,P0077,de,12,unionRebuiltMiniLM,2,23,2,10,11,0
7-needle-gate:5,P0077,de,12,unionE5,2,21,2,10,9,0
7-needle-gate:5,P0077,de,12,rrfE5,2,12,2,6,4,0
7-needle-gate:6,P0077,en,5,fts,5,5,3,2,0,0
7-needle-gate:6,P0077,en,5,currentMiniLM,5,5,1,2,2,0
7-needle-gate:6,P0077,en,5,rebuiltMiniLM,5,5,3,2,0,1
7-needle-gate:6,P0077,en,5,e5CurrentKinds,5,5,1,2,2,0
7-needle-gate:6,P0077,en,5,e5,5,5,2,1,2,0
7-needle-gate:6,P0077,en,5,unionCurrentMiniLM,5,8,3,3,2,0
7-needle-gate:6,P0077,en,5,unionRebuiltMiniLM,5,7,4,3,0,1
7-needle-gate:6,P0077,en,5,unionE5,5,7,3,2,2,0
7-needle-gate:6,P0077,en,5,rrfE5,5,5,2,2,1,0
7-needle-gate:6,P0077,en,12,fts,5,9,5,4,0,0
7-needle-gate:6,P0077,en,12,currentMiniLM,5,12,1,3,8,0
7-needle-gate:6,P0077,en,12,rebuiltMiniLM,5,12,4,3,5,0
7-needle-gate:6,P0077,en,12,e5CurrentKinds,5,12,1,2,9,0
7-needle-gate:6,P0077,en,12,e5,5,12,5,3,4,0
7-needle-gate:6,P0077,en,12,unionCurrentMiniLM,5,17,5,4,8,0
7-needle-gate:6,P0077,en,12,unionRebuiltMiniLM,5,14,5,4,5,0
7-needle-gate:6,P0077,en,12,unionE5,5,13,5,4,4,0
7-needle-gate:6,P0077,en,12,rrfE5,5,12,5,4,3,0
7-needle-gate:7,P0063,de,5,fts,5,5,3,2,0,0
7-needle-gate:7,P0063,de,5,currentMiniLM,5,5,0,0,5,0
7-needle-gate:7,P0063,de,5,rebuiltMiniLM,5,5,0,0,5,0
7-needle-gate:7,P0063,de,5,e5CurrentKinds,5,5,0,1,4,0
7-needle-gate:7,P0063,de,5,e5,5,5,2,2,1,0
7-needle-gate:7,P0063,de,5,unionCurrentMiniLM,5,10,3,2,5,0
7-needle-gate:7,P0063,de,5,unionRebuiltMiniLM,5,10,3,2,5,0
7-needle-gate:7,P0063,de,5,unionE5,5,8,3,4,1,0
7-needle-gate:7,P0063,de,5,rrfE5,5,5,3,2,0,0
7-needle-gate:7,P0063,de,12,fts,5,12,4,8,0,0
7-needle-gate:7,P0063,de,12,currentMiniLM,5,12,0,1,11,0
7-needle-gate:7,P0063,de,12,rebuiltMiniLM,5,12,2,2,8,1
7-needle-gate:7,P0063,de,12,e5CurrentKinds,5,12,0,1,11,0
7-needle-gate:7,P0063,de,12,e5,5,12,2,4,6,0
7-needle-gate:7,P0063,de,12,unionCurrentMiniLM,5,23,4,8,11,0
7-needle-gate:7,P0063,de,12,unionRebuiltMiniLM,5,23,5,10,8,1
7-needle-gate:7,P0063,de,12,unionE5,5,18,4,8,6,0
7-needle-gate:7,P0063,de,12,rrfE5,5,12,3,6,3,0
7-needle-gate:8,P0062,de,5,fts,3,5,2,3,0,0
7-needle-gate:8,P0062,de,5,currentMiniLM,3,5,2,0,3,0
7-needle-gate:8,P0062,de,5,rebuiltMiniLM,3,5,2,3,0,1
7-needle-gate:8,P0062,de,5,e5CurrentKinds,3,5,0,0,5,0
7-needle-gate:8,P0062,de,5,e5,3,5,0,4,1,0
7-needle-gate:8,P0062,de,5,unionCurrentMiniLM,3,8,2,3,3,0
7-needle-gate:8,P0062,de,5,unionRebuiltMiniLM,3,7,3,4,0,1
7-needle-gate:8,P0062,de,5,unionE5,3,8,2,5,1,0
7-needle-gate:8,P0062,de,5,rrfE5,3,5,1,4,0,0
7-needle-gate:8,P0062,de,12,fts,3,12,3,9,0,0
7-needle-gate:8,P0062,de,12,currentMiniLM,3,12,2,2,8,0
7-needle-gate:8,P0062,de,12,rebuiltMiniLM,3,12,3,4,5,0
7-needle-gate:8,P0062,de,12,e5CurrentKinds,3,12,0,1,11,0
7-needle-gate:8,P0062,de,12,e5,3,12,0,5,7,0
7-needle-gate:8,P0062,de,12,unionCurrentMiniLM,3,21,3,10,8,0
7-needle-gate:8,P0062,de,12,unionRebuiltMiniLM,3,17,3,9,5,0
7-needle-gate:8,P0062,de,12,unionE5,3,20,3,10,7,0
7-needle-gate:8,P0062,de,12,rrfE5,3,12,2,8,2,0
7-needle-gate:9,P0054,de,5,fts,3,5,1,4,0,0
7-needle-gate:9,P0054,de,5,currentMiniLM,3,5,0,0,5,0
7-needle-gate:9,P0054,de,5,rebuiltMiniLM,3,5,0,0,5,0
7-needle-gate:9,P0054,de,5,e5CurrentKinds,3,5,0,0,5,0
7-needle-gate:9,P0054,de,5,e5,3,5,0,0,5,0
7-needle-gate:9,P0054,de,5,unionCurrentMiniLM,3,10,1,4,5,0
7-needle-gate:9,P0054,de,5,unionRebuiltMiniLM,3,10,1,4,5,0
7-needle-gate:9,P0054,de,5,unionE5,3,10,1,4,5,0
7-needle-gate:9,P0054,de,5,rrfE5,3,5,0,3,2,0
7-needle-gate:9,P0054,de,12,fts,3,12,3,9,0,0
7-needle-gate:9,P0054,de,12,currentMiniLM,3,12,0,1,11,0
7-needle-gate:9,P0054,de,12,rebuiltMiniLM,3,12,0,0,12,0
7-needle-gate:9,P0054,de,12,e5CurrentKinds,3,12,1,0,11,0
7-needle-gate:9,P0054,de,12,e5,3,12,1,0,11,0
7-needle-gate:9,P0054,de,12,unionCurrentMiniLM,3,23,3,9,11,0
7-needle-gate:9,P0054,de,12,unionRebuiltMiniLM,3,24,3,9,12,0
7-needle-gate:9,P0054,de,12,unionE5,3,23,3,9,11,0
7-needle-gate:9,P0054,de,12,rrfE5,3,12,3,4,5,0
7-needle-gate:10,P0076,de,5,fts,2,5,2,3,0,0
7-needle-gate:10,P0076,de,5,currentMiniLM,2,5,0,2,3,0
7-needle-gate:10,P0076,de,5,rebuiltMiniLM,2,5,0,1,4,0
7-needle-gate:10,P0076,de,5,e5CurrentKinds,2,5,0,2,3,0
7-needle-gate:10,P0076,de,5,e5,2,5,0,1,4,0
7-needle-gate:10,P0076,de,5,unionCurrentMiniLM,2,10,2,5,3,0
7-needle-gate:10,P0076,de,5,unionRebuiltMiniLM,2,10,2,4,4,0
7-needle-gate:10,P0076,de,5,unionE5,2,10,2,4,4,0
7-needle-gate:10,P0076,de,5,rrfE5,2,5,1,3,1,0
7-needle-gate:10,P0076,de,12,fts,2,7,2,5,0,0
7-needle-gate:10,P0076,de,12,currentMiniLM,2,12,0,3,9,0
7-needle-gate:10,P0076,de,12,rebuiltMiniLM,2,12,0,3,9,0
7-needle-gate:10,P0076,de,12,e5CurrentKinds,2,12,1,4,7,0
7-needle-gate:10,P0076,de,12,e5,2,12,0,2,10,0
7-needle-gate:10,P0076,de,12,unionCurrentMiniLM,2,17,2,6,9,0
7-needle-gate:10,P0076,de,12,unionRebuiltMiniLM,2,17,2,6,9,0
7-needle-gate:10,P0076,de,12,unionE5,2,17,2,5,10,0
7-needle-gate:10,P0076,de,12,rrfE5,2,12,2,5,5,0
7-needle-gate:11,P0077,de,5,fts,2,5,2,3,0,0
7-needle-gate:11,P0077,de,5,currentMiniLM,2,5,0,0,5,0
7-needle-gate:11,P0077,de,5,rebuiltMiniLM,2,5,1,0,4,0
7-needle-gate:11,P0077,de,5,e5CurrentKinds,2,5,0,2,3,0
7-needle-gate:11,P0077,de,5,e5,2,5,2,0,3,0
7-needle-gate:11,P0077,de,5,unionCurrentMiniLM,2,10,2,3,5,0
7-needle-gate:11,P0077,de,5,unionRebuiltMiniLM,2,9,2,3,4,0
7-needle-gate:11,P0077,de,5,unionE5,2,8,2,3,3,0
7-needle-gate:11,P0077,de,5,rrfE5,2,5,2,2,1,0
7-needle-gate:11,P0077,de,12,fts,2,12,2,10,0,0
7-needle-gate:11,P0077,de,12,currentMiniLM,2,12,0,3,9,0
7-needle-gate:11,P0077,de,12,rebuiltMiniLM,2,12,1,0,11,0
7-needle-gate:11,P0077,de,12,e5CurrentKinds,2,12,0,3,9,0
7-needle-gate:11,P0077,de,12,e5,2,12,2,1,9,0
7-needle-gate:11,P0077,de,12,unionCurrentMiniLM,2,21,2,10,9,0
7-needle-gate:11,P0077,de,12,unionRebuiltMiniLM,2,23,2,10,11,0
7-needle-gate:11,P0077,de,12,unionE5,2,21,2,10,9,0
7-needle-gate:11,P0077,de,12,rrfE5,2,12,2,5,5,0
7-needle-gate:12,P0063,de,5,fts,0,5,0,5,0,0
7-needle-gate:12,P0063,de,5,currentMiniLM,0,5,0,0,5,0
7-needle-gate:12,P0063,de,5,rebuiltMiniLM,0,5,0,0,5,0
7-needle-gate:12,P0063,de,5,e5CurrentKinds,0,5,0,0,5,0
7-needle-gate:12,P0063,de,5,e5,0,5,0,0,5,0
7-needle-gate:12,P0063,de,5,unionCurrentMiniLM,0,10,0,5,5,0
7-needle-gate:12,P0063,de,5,unionRebuiltMiniLM,0,10,0,5,5,0
7-needle-gate:12,P0063,de,5,unionE5,0,10,0,5,5,0
7-needle-gate:12,P0063,de,5,rrfE5,0,5,0,3,2,0
7-needle-gate:12,P0063,de,12,fts,0,6,0,6,0,0
7-needle-gate:12,P0063,de,12,currentMiniLM,0,12,0,0,12,0
7-needle-gate:12,P0063,de,12,rebuiltMiniLM,0,12,0,0,12,0
7-needle-gate:12,P0063,de,12,e5CurrentKinds,0,12,0,0,12,0
7-needle-gate:12,P0063,de,12,e5,0,12,0,0,12,0
7-needle-gate:12,P0063,de,12,unionCurrentMiniLM,0,18,0,6,12,0
7-needle-gate:12,P0063,de,12,unionRebuiltMiniLM,0,18,0,6,12,0
7-needle-gate:12,P0063,de,12,unionE5,0,18,0,6,12,0
7-needle-gate:12,P0063,de,12,rrfE5,0,12,0,6,6,0
7-needle-gate:13,P0062,de,5,fts,2,5,1,4,0,0
7-needle-gate:13,P0062,de,5,currentMiniLM,2,5,0,1,4,0
7-needle-gate:13,P0062,de,5,rebuiltMiniLM,2,5,1,0,4,1
7-needle-gate:13,P0062,de,5,e5CurrentKinds,2,5,0,2,3,0
7-needle-gate:13,P0062,de,5,e5,2,5,0,1,4,0
7-needle-gate:13,P0062,de,5,unionCurrentMiniLM,2,10,1,5,4,0
7-needle-gate:13,P0062,de,5,unionRebuiltMiniLM,2,10,2,4,4,1
7-needle-gate:13,P0062,de,5,unionE5,2,10,1,5,4,0
7-needle-gate:13,P0062,de,5,rrfE5,2,5,0,3,2,0
7-needle-gate:13,P0062,de,12,fts,2,12,2,10,0,0
7-needle-gate:13,P0062,de,12,currentMiniLM,2,12,0,1,11,0
7-needle-gate:13,P0062,de,12,rebuiltMiniLM,2,12,1,1,10,0
7-needle-gate:13,P0062,de,12,e5CurrentKinds,2,12,0,3,9,0
7-needle-gate:13,P0062,de,12,e5,2,12,0,4,8,0
7-needle-gate:13,P0062,de,12,unionCurrentMiniLM,2,24,2,11,11,0
7-needle-gate:13,P0062,de,12,unionRebuiltMiniLM,2,23,2,11,10,0
7-needle-gate:13,P0062,de,12,unionE5,2,20,2,10,8,0
7-needle-gate:13,P0062,de,12,rrfE5,2,12,1,6,5,0
7-needle-gate:14,P0054,de,5,fts,6,5,1,4,0,0
7-needle-gate:14,P0054,de,5,currentMiniLM,6,5,1,3,1,0
7-needle-gate:14,P0054,de,5,rebuiltMiniLM,6,5,0,2,3,0
7-needle-gate:14,P0054,de,5,e5CurrentKinds,6,5,0,0,5,0
7-needle-gate:14,P0054,de,5,e5,6,5,0,0,5,0
7-needle-gate:14,P0054,de,5,unionCurrentMiniLM,6,6,1,4,1,0
7-needle-gate:14,P0054,de,5,unionRebuiltMiniLM,6,8,1,4,3,0
7-needle-gate:14,P0054,de,5,unionE5,6,10,1,4,5,0
7-needle-gate:14,P0054,de,5,rrfE5,6,5,1,2,2,0
7-needle-gate:14,P0054,de,12,fts,6,12,6,6,0,0
7-needle-gate:14,P0054,de,12,currentMiniLM,6,12,1,4,7,0
7-needle-gate:14,P0054,de,12,rebuiltMiniLM,6,12,1,4,7,0
7-needle-gate:14,P0054,de,12,e5CurrentKinds,6,12,2,0,10,0
7-needle-gate:14,P0054,de,12,e5,6,12,2,0,10,0
7-needle-gate:14,P0054,de,12,unionCurrentMiniLM,6,19,6,6,7,0
7-needle-gate:14,P0054,de,12,unionRebuiltMiniLM,6,19,6,6,7,0
7-needle-gate:14,P0054,de,12,unionE5,6,22,6,6,10,0
7-needle-gate:14,P0054,de,12,rrfE5,6,12,3,4,5,0
7-needle-gate:15,P0076,de,5,fts,0,0,0,0,0,0
7-needle-gate:15,P0076,de,5,currentMiniLM,0,5,0,0,5,0
7-needle-gate:15,P0076,de,5,rebuiltMiniLM,0,5,0,0,5,0
7-needle-gate:15,P0076,de,5,e5CurrentKinds,0,5,0,0,5,0
7-needle-gate:15,P0076,de,5,e5,0,5,0,0,5,0
7-needle-gate:15,P0076,de,5,unionCurrentMiniLM,0,5,0,0,5,0
7-needle-gate:15,P0076,de,5,unionRebuiltMiniLM,0,5,0,0,5,0
7-needle-gate:15,P0076,de,5,unionE5,0,5,0,0,5,0
7-needle-gate:15,P0076,de,5,rrfE5,0,5,0,0,5,0
7-needle-gate:15,P0076,de,12,fts,0,0,0,0,0,0
7-needle-gate:15,P0076,de,12,currentMiniLM,0,12,0,0,12,0
7-needle-gate:15,P0076,de,12,rebuiltMiniLM,0,12,0,0,12,0
7-needle-gate:15,P0076,de,12,e5CurrentKinds,0,12,0,0,12,0
7-needle-gate:15,P0076,de,12,e5,0,12,0,0,12,0
7-needle-gate:15,P0076,de,12,unionCurrentMiniLM,0,12,0,0,12,0
7-needle-gate:15,P0076,de,12,unionRebuiltMiniLM,0,12,0,0,12,0
7-needle-gate:15,P0076,de,12,unionE5,0,12,0,0,12,0
7-needle-gate:15,P0076,de,12,rrfE5,0,12,0,0,12,0
7-needle-gate:16,P0077,de,5,fts,1,5,1,4,0,0
7-needle-gate:16,P0077,de,5,currentMiniLM,1,5,0,2,3,0
7-needle-gate:16,P0077,de,5,rebuiltMiniLM,1,5,1,1,3,0
7-needle-gate:16,P0077,de,5,e5CurrentKinds,1,5,0,3,2,0
7-needle-gate:16,P0077,de,5,e5,1,5,1,1,3,0
7-needle-gate:16,P0077,de,5,unionCurrentMiniLM,1,9,1,5,3,0
7-needle-gate:16,P0077,de,5,unionRebuiltMiniLM,1,8,1,4,3,0
7-needle-gate:16,P0077,de,5,unionE5,1,8,1,4,3,0
7-needle-gate:16,P0077,de,5,rrfE5,1,5,1,3,1,0
7-needle-gate:16,P0077,de,12,fts,1,12,1,11,0,0
7-needle-gate:16,P0077,de,12,currentMiniLM,1,12,0,3,9,0
7-needle-gate:16,P0077,de,12,rebuiltMiniLM,1,12,1,2,9,0
7-needle-gate:16,P0077,de,12,e5CurrentKinds,1,12,0,5,7,0
7-needle-gate:16,P0077,de,12,e5,1,12,1,3,8,0
7-needle-gate:16,P0077,de,12,unionCurrentMiniLM,1,21,1,11,9,0
7-needle-gate:16,P0077,de,12,unionRebuiltMiniLM,1,21,1,11,9,0
7-needle-gate:16,P0077,de,12,unionE5,1,20,1,11,8,0
7-needle-gate:16,P0077,de,12,rrfE5,1,12,1,7,4,0
7-needle-gate:17,P0063,de,5,fts,0,5,0,5,0,0
7-needle-gate:17,P0063,de,5,currentMiniLM,0,5,0,0,5,0
7-needle-gate:17,P0063,de,5,rebuiltMiniLM,0,5,0,2,3,0
7-needle-gate:17,P0063,de,5,e5CurrentKinds,0,5,0,0,5,0
7-needle-gate:17,P0063,de,5,e5,0,5,0,0,5,0
7-needle-gate:17,P0063,de,5,unionCurrentMiniLM,0,10,0,5,5,0
7-needle-gate:17,P0063,de,5,unionRebuiltMiniLM,0,10,0,7,3,0
7-needle-gate:17,P0063,de,5,unionE5,0,10,0,5,5,0
7-needle-gate:17,P0063,de,5,rrfE5,0,5,0,3,2,0
7-needle-gate:17,P0063,de,12,fts,0,12,0,12,0,0
7-needle-gate:17,P0063,de,12,currentMiniLM,0,12,0,3,9,0
7-needle-gate:17,P0063,de,12,rebuiltMiniLM,0,12,0,3,9,0
7-needle-gate:17,P0063,de,12,e5CurrentKinds,0,12,0,1,11,0
7-needle-gate:17,P0063,de,12,e5,0,12,0,2,10,0
7-needle-gate:17,P0063,de,12,unionCurrentMiniLM,0,21,0,12,9,0
7-needle-gate:17,P0063,de,12,unionRebuiltMiniLM,0,23,0,14,9,0
7-needle-gate:17,P0063,de,12,unionE5,0,24,0,14,10,0
7-needle-gate:17,P0063,de,12,rrfE5,0,12,0,6,6,0
7-needle-gate:18,P0062,de,5,fts,2,5,2,3,0,0
7-needle-gate:18,P0062,de,5,currentMiniLM,2,5,0,0,5,0
7-needle-gate:18,P0062,de,5,rebuiltMiniLM,2,5,2,0,3,0
7-needle-gate:18,P0062,de,5,e5CurrentKinds,2,5,0,0,5,0
7-needle-gate:18,P0062,de,5,e5,2,5,1,1,3,0
7-needle-gate:18,P0062,de,5,unionCurrentMiniLM,2,10,2,3,5,0
7-needle-gate:18,P0062,de,5,unionRebuiltMiniLM,2,8,2,3,3,0
7-needle-gate:18,P0062,de,5,unionE5,2,8,2,3,3,0
7-needle-gate:18,P0062,de,5,rrfE5,2,5,2,2,1,0
7-needle-gate:18,P0062,de,12,fts,2,12,2,9,1,0
7-needle-gate:18,P0062,de,12,currentMiniLM,2,12,0,1,11,0
7-needle-gate:18,P0062,de,12,rebuiltMiniLM,2,12,2,0,10,0
7-needle-gate:18,P0062,de,12,e5CurrentKinds,2,12,0,0,12,0
7-needle-gate:18,P0062,de,12,e5,2,12,1,1,10,0
7-needle-gate:18,P0062,de,12,unionCurrentMiniLM,2,23,2,9,12,0
7-needle-gate:18,P0062,de,12,unionRebuiltMiniLM,2,22,2,9,11,0
7-needle-gate:18,P0062,de,12,unionE5,2,22,2,9,11,0
7-needle-gate:18,P0062,de,12,rrfE5,2,12,2,5,5,0
7-needle-gate:19,P0054,de,5,fts,2,5,1,4,0,0
7-needle-gate:19,P0054,de,5,currentMiniLM,2,5,0,0,5,0
7-needle-gate:19,P0054,de,5,rebuiltMiniLM,2,5,0,0,5,0
7-needle-gate:19,P0054,de,5,e5CurrentKinds,2,5,0,0,5,0
7-needle-gate:19,P0054,de,5,e5,2,5,0,0,5,0
7-needle-gate:19,P0054,de,5,unionCurrentMiniLM,2,10,1,4,5,0
7-needle-gate:19,P0054,de,5,unionRebuiltMiniLM,2,10,1,4,5,0
7-needle-gate:19,P0054,de,5,unionE5,2,10,1,4,5,0
7-needle-gate:19,P0054,de,5,rrfE5,2,5,1,2,2,0
7-needle-gate:19,P0054,de,12,fts,2,12,2,8,2,0
7-needle-gate:19,P0054,de,12,currentMiniLM,2,12,0,0,12,0
7-needle-gate:19,P0054,de,12,rebuiltMiniLM,2,12,0,0,12,0
7-needle-gate:19,P0054,de,12,e5CurrentKinds,2,12,0,0,12,0
7-needle-gate:19,P0054,de,12,e5,2,12,0,0,12,0
7-needle-gate:19,P0054,de,12,unionCurrentMiniLM,2,24,2,8,14,0
7-needle-gate:19,P0054,de,12,unionRebuiltMiniLM,2,24,2,8,14,0
7-needle-gate:19,P0054,de,12,unionE5,2,24,2,8,14,0
7-needle-gate:19,P0054,de,12,rrfE5,2,12,1,5,6,0
7-needle-gate:20,P0076,de,5,fts,3,5,1,4,0,0
7-needle-gate:20,P0076,de,5,currentMiniLM,3,5,0,2,3,0
7-needle-gate:20,P0076,de,5,rebuiltMiniLM,3,5,0,0,5,0
7-needle-gate:20,P0076,de,5,e5CurrentKinds,3,5,0,1,4,0
7-needle-gate:20,P0076,de,5,e5,3,5,0,2,3,0
7-needle-gate:20,P0076,de,5,unionCurrentMiniLM,3,10,1,6,3,0
7-needle-gate:20,P0076,de,5,unionRebuiltMiniLM,3,10,1,4,5,0
7-needle-gate:20,P0076,de,5,unionE5,3,9,1,5,3,0
7-needle-gate:20,P0076,de,5,rrfE5,3,5,1,2,2,0
7-needle-gate:20,P0076,de,12,fts,3,12,3,9,0,0
7-needle-gate:20,P0076,de,12,currentMiniLM,3,12,0,2,10,0
7-needle-gate:20,P0076,de,12,rebuiltMiniLM,3,12,1,2,9,0
7-needle-gate:20,P0076,de,12,e5CurrentKinds,3,12,0,2,10,0
7-needle-gate:20,P0076,de,12,e5,3,12,1,4,7,0
7-needle-gate:20,P0076,de,12,unionCurrentMiniLM,3,22,3,9,10,0
7-needle-gate:20,P0076,de,12,unionRebuiltMiniLM,3,21,3,9,9,0
7-needle-gate:20,P0076,de,12,unionE5,3,19,3,9,7,0
7-needle-gate:20,P0076,de,12,rrfE5,3,12,3,6,3,0
7-needle-gate:21,P0063,de,5,fts,0,5,0,5,0,0
7-needle-gate:21,P0063,de,5,currentMiniLM,0,5,0,1,4,0
7-needle-gate:21,P0063,de,5,rebuiltMiniLM,0,5,0,2,3,0
7-needle-gate:21,P0063,de,5,e5CurrentKinds,0,5,0,1,4,0
7-needle-gate:21,P0063,de,5,e5,0,5,0,2,3,0
7-needle-gate:21,P0063,de,5,unionCurrentMiniLM,0,10,0,6,4,0
7-needle-gate:21,P0063,de,5,unionRebuiltMiniLM,0,9,0,6,3,0
7-needle-gate:21,P0063,de,5,unionE5,0,8,0,5,3,0
7-needle-gate:21,P0063,de,5,rrfE5,0,5,0,4,1,0
7-needle-gate:21,P0063,de,12,fts,0,12,0,12,0,0
7-needle-gate:21,P0063,de,12,currentMiniLM,0,12,0,2,10,0
7-needle-gate:21,P0063,de,12,rebuiltMiniLM,0,12,0,3,9,0
7-needle-gate:21,P0063,de,12,e5CurrentKinds,0,12,0,1,11,0
7-needle-gate:21,P0063,de,12,e5,0,12,0,3,9,0
7-needle-gate:21,P0063,de,12,unionCurrentMiniLM,0,22,0,12,10,0
7-needle-gate:21,P0063,de,12,unionRebuiltMiniLM,0,21,0,12,9,0
7-needle-gate:21,P0063,de,12,unionE5,0,21,0,12,9,0
7-needle-gate:21,P0063,de,12,rrfE5,0,12,0,8,4,0
7-needle-gate:22,P0062,de,5,fts,0,5,0,5,0,0
7-needle-gate:22,P0062,de,5,currentMiniLM,0,5,0,1,4,0
7-needle-gate:22,P0062,de,5,rebuiltMiniLM,0,5,0,0,5,0
7-needle-gate:22,P0062,de,5,e5CurrentKinds,0,5,0,1,4,0
7-needle-gate:22,P0062,de,5,e5,0,5,0,0,5,0
7-needle-gate:22,P0062,de,5,unionCurrentMiniLM,0,10,0,6,4,0
7-needle-gate:22,P0062,de,5,unionRebuiltMiniLM,0,10,0,5,5,0
7-needle-gate:22,P0062,de,5,unionE5,0,10,0,5,5,0
7-needle-gate:22,P0062,de,5,rrfE5,0,5,0,3,2,0
7-needle-gate:22,P0062,de,12,fts,0,6,0,6,0,0
7-needle-gate:22,P0062,de,12,currentMiniLM,0,12,0,1,11,0
7-needle-gate:22,P0062,de,12,rebuiltMiniLM,0,12,0,0,12,0
7-needle-gate:22,P0062,de,12,e5CurrentKinds,0,12,0,1,11,0
7-needle-gate:22,P0062,de,12,e5,0,12,0,0,12,0
7-needle-gate:22,P0062,de,12,unionCurrentMiniLM,0,17,0,6,11,0
7-needle-gate:22,P0062,de,12,unionRebuiltMiniLM,0,18,0,6,12,0
7-needle-gate:22,P0062,de,12,unionE5,0,18,0,6,12,0
7-needle-gate:22,P0062,de,12,rrfE5,0,12,0,6,6,0
7-needle-gate:23,P0054,de,5,fts,4,5,2,3,0,0
7-needle-gate:23,P0054,de,5,currentMiniLM,4,5,0,0,5,0
7-needle-gate:23,P0054,de,5,rebuiltMiniLM,4,5,0,0,5,0
7-needle-gate:23,P0054,de,5,e5CurrentKinds,4,5,0,0,5,0
7-needle-gate:23,P0054,de,5,e5,4,5,0,0,5,0
7-needle-gate:23,P0054,de,5,unionCurrentMiniLM,4,10,2,3,5,0
7-needle-gate:23,P0054,de,5,unionRebuiltMiniLM,4,10,2,3,5,0
7-needle-gate:23,P0054,de,5,unionE5,4,10,2,3,5,0
7-needle-gate:23,P0054,de,5,rrfE5,4,5,2,1,2,0
7-needle-gate:23,P0054,de,12,fts,4,12,4,8,0,0
7-needle-gate:23,P0054,de,12,currentMiniLM,4,12,0,0,12,0
7-needle-gate:23,P0054,de,12,rebuiltMiniLM,4,12,0,0,12,0
7-needle-gate:23,P0054,de,12,e5CurrentKinds,4,12,0,1,11,0
7-needle-gate:23,P0054,de,12,e5,4,12,1,0,11,0
7-needle-gate:23,P0054,de,12,unionCurrentMiniLM,4,24,4,8,12,0
7-needle-gate:23,P0054,de,12,unionRebuiltMiniLM,4,24,4,8,12,0
7-needle-gate:23,P0054,de,12,unionE5,4,23,4,8,11,0
7-needle-gate:23,P0054,de,12,rrfE5,4,12,2,4,6,0
7-needle-gate:24,P0076,de,5,fts,6,5,4,1,0,0
7-needle-gate:24,P0076,de,5,currentMiniLM,6,5,1,0,4,1
7-needle-gate:24,P0076,de,5,rebuiltMiniLM,6,5,1,1,3,0
7-needle-gate:24,P0076,de,5,e5CurrentKinds,6,5,1,0,4,1
7-needle-gate:24,P0076,de,5,e5,6,5,3,0,2,0
7-needle-gate:24,P0076,de,5,unionCurrentMiniLM,6,10,5,1,4,1
7-needle-gate:24,P0076,de,5,unionRebuiltMiniLM,6,9,4,2,3,0
7-needle-gate:24,P0076,de,5,unionE5,6,7,4,1,2,0
7-needle-gate:24,P0076,de,5,rrfE5,6,5,4,0,1,0
7-needle-gate:24,P0076,de,12,fts,6,12,6,6,0,0
7-needle-gate:24,P0076,de,12,currentMiniLM,6,12,3,0,9,0
7-needle-gate:24,P0076,de,12,rebuiltMiniLM,6,12,2,1,9,0
7-needle-gate:24,P0076,de,12,e5CurrentKinds,6,12,3,0,9,0
7-needle-gate:24,P0076,de,12,e5,6,12,4,0,8,0
7-needle-gate:24,P0076,de,12,unionCurrentMiniLM,6,21,6,6,9,0
7-needle-gate:24,P0076,de,12,unionRebuiltMiniLM,6,21,6,6,9,0
7-needle-gate:24,P0076,de,12,unionE5,6,20,6,6,8,0
7-needle-gate:24,P0076,de,12,rrfE5,6,12,6,2,4,0
7-needle-gate:25,P0063,de,5,fts,0,5,0,5,0,0
7-needle-gate:25,P0063,de,5,currentMiniLM,0,5,0,0,5,0
7-needle-gate:25,P0063,de,5,rebuiltMiniLM,0,5,0,3,2,0
7-needle-gate:25,P0063,de,5,e5CurrentKinds,0,5,0,0,5,0
7-needle-gate:25,P0063,de,5,e5,0,5,0,3,2,0
7-needle-gate:25,P0063,de,5,unionCurrentMiniLM,0,10,0,5,5,0
7-needle-gate:25,P0063,de,5,unionRebuiltMiniLM,0,8,0,6,2,0
7-needle-gate:25,P0063,de,5,unionE5,0,8,0,6,2,0
7-needle-gate:25,P0063,de,5,rrfE5,0,5,0,5,0,0
7-needle-gate:25,P0063,de,12,fts,0,12,0,12,0,0
7-needle-gate:25,P0063,de,12,currentMiniLM,0,12,0,0,12,0
7-needle-gate:25,P0063,de,12,rebuiltMiniLM,0,12,0,4,8,0
7-needle-gate:25,P0063,de,12,e5CurrentKinds,0,12,0,0,12,0
7-needle-gate:25,P0063,de,12,e5,0,12,0,3,9,0
7-needle-gate:25,P0063,de,12,unionCurrentMiniLM,0,24,0,12,12,0
7-needle-gate:25,P0063,de,12,unionRebuiltMiniLM,0,20,0,12,8,0
7-needle-gate:25,P0063,de,12,unionE5,0,21,0,12,9,0
7-needle-gate:25,P0063,de,12,rrfE5,0,12,0,8,4,0
7-needle-gate:26,P0062,de,5,fts,2,5,2,3,0,0
7-needle-gate:26,P0062,de,5,currentMiniLM,2,5,0,1,4,0
7-needle-gate:26,P0062,de,5,rebuiltMiniLM,2,5,0,2,3,0
7-needle-gate:26,P0062,de,5,e5CurrentKinds,2,5,0,1,4,0
7-needle-gate:26,P0062,de,5,e5,2,5,0,2,3,0
7-needle-gate:26,P0062,de,5,unionCurrentMiniLM,2,9,2,3,4,0
7-needle-gate:26,P0062,de,5,unionRebuiltMiniLM,2,9,2,4,3,0
7-needle-gate:26,P0062,de,5,unionE5,2,9,2,4,3,0
7-needle-gate:26,P0062,de,5,rrfE5,2,5,2,1,2,0
7-needle-gate:26,P0062,de,12,fts,2,12,2,10,0,0
7-needle-gate:26,P0062,de,12,currentMiniLM,2,12,0,1,11,0
7-needle-gate:26,P0062,de,12,rebuiltMiniLM,2,12,0,2,10,0
7-needle-gate:26,P0062,de,12,e5CurrentKinds,2,12,1,1,10,0
7-needle-gate:26,P0062,de,12,e5,2,12,0,2,10,0
7-needle-gate:26,P0062,de,12,unionCurrentMiniLM,2,23,2,10,11,0
7-needle-gate:26,P0062,de,12,unionRebuiltMiniLM,2,22,2,10,10,0
7-needle-gate:26,P0062,de,12,unionE5,2,22,2,10,10,0
7-needle-gate:26,P0062,de,12,rrfE5,2,12,2,6,4,0
7-needle-gate:27,P0054,de,5,fts,0,5,0,5,0,0
7-needle-gate:27,P0054,de,5,currentMiniLM,0,5,0,1,4,0
7-needle-gate:27,P0054,de,5,rebuiltMiniLM,0,5,0,1,4,0
7-needle-gate:27,P0054,de,5,e5CurrentKinds,0,5,0,1,4,0
7-needle-gate:27,P0054,de,5,e5,0,5,0,1,4,0
7-needle-gate:27,P0054,de,5,unionCurrentMiniLM,0,10,0,6,4,0
7-needle-gate:27,P0054,de,5,unionRebuiltMiniLM,0,10,0,6,4,0
7-needle-gate:27,P0054,de,5,unionE5,0,9,0,5,4,0
7-needle-gate:27,P0054,de,5,rrfE5,0,5,0,4,1,0
7-needle-gate:27,P0054,de,12,fts,0,12,0,12,0,0
7-needle-gate:27,P0054,de,12,currentMiniLM,0,12,0,1,11,0
7-needle-gate:27,P0054,de,12,rebuiltMiniLM,0,12,0,1,11,0
7-needle-gate:27,P0054,de,12,e5CurrentKinds,0,12,0,2,10,0
7-needle-gate:27,P0054,de,12,e5,0,12,0,1,11,0
7-needle-gate:27,P0054,de,12,unionCurrentMiniLM,0,23,0,12,11,0
7-needle-gate:27,P0054,de,12,unionRebuiltMiniLM,0,23,0,12,11,0
7-needle-gate:27,P0054,de,12,unionE5,0,23,0,12,11,0
7-needle-gate:27,P0054,de,12,rrfE5,0,12,0,7,5,0
7-needle-gate:28,P0076,de,5,fts,4,5,1,4,0,0
7-needle-gate:28,P0076,de,5,currentMiniLM,4,5,0,0,5,0
7-needle-gate:28,P0076,de,5,rebuiltMiniLM,4,5,1,1,3,1
7-needle-gate:28,P0076,de,5,e5CurrentKinds,4,5,1,0,4,0
7-needle-gate:28,P0076,de,5,e5,4,5,2,0,3,2
7-needle-gate:28,P0076,de,5,unionCurrentMiniLM,4,10,1,4,5,0
7-needle-gate:28,P0076,de,5,unionRebuiltMiniLM,4,10,2,5,3,1
7-needle-gate:28,P0076,de,5,unionE5,4,10,3,4,3,2
7-needle-gate:28,P0076,de,5,rrfE5,4,5,0,3,2,0
7-needle-gate:28,P0076,de,12,fts,4,12,3,9,0,0
7-needle-gate:28,P0076,de,12,currentMiniLM,4,12,1,0,11,0
7-needle-gate:28,P0076,de,12,rebuiltMiniLM,4,12,2,2,8,1
7-needle-gate:28,P0076,de,12,e5CurrentKinds,4,12,1,0,11,0
7-needle-gate:28,P0076,de,12,e5,4,12,3,0,9,1
7-needle-gate:28,P0076,de,12,unionCurrentMiniLM,4,23,3,9,11,0
7-needle-gate:28,P0076,de,12,unionRebuiltMiniLM,4,21,4,9,8,1
7-needle-gate:28,P0076,de,12,unionE5,4,22,4,9,9,1
7-needle-gate:28,P0076,de,12,rrfE5,4,12,3,5,4,1
7-needle-gate:29,P0063,de,5,fts,0,5,0,5,0,0
7-needle-gate:29,P0063,de,5,currentMiniLM,0,5,0,1,4,0
7-needle-gate:29,P0063,de,5,rebuiltMiniLM,0,5,0,1,4,0
7-needle-gate:29,P0063,de,5,e5CurrentKinds,0,5,0,1,4,0
7-needle-gate:29,P0063,de,5,e5,0,5,0,0,5,0
7-needle-gate:29,P0063,de,5,unionCurrentMiniLM,0,10,0,6,4,0
7-needle-gate:29,P0063,de,5,unionRebuiltMiniLM,0,10,0,6,4,0
7-needle-gate:29,P0063,de,5,unionE5,0,10,0,5,5,0
7-needle-gate:29,P0063,de,5,rrfE5,0,5,0,3,2,0
7-needle-gate:29,P0063,de,12,fts,0,12,0,12,0,0
7-needle-gate:29,P0063,de,12,currentMiniLM,0,12,0,2,10,0
7-needle-gate:29,P0063,de,12,rebuiltMiniLM,0,12,0,3,9,0
7-needle-gate:29,P0063,de,12,e5CurrentKinds,0,12,0,1,11,0
7-needle-gate:29,P0063,de,12,e5,0,12,0,0,12,0
7-needle-gate:29,P0063,de,12,unionCurrentMiniLM,0,22,0,12,10,0
7-needle-gate:29,P0063,de,12,unionRebuiltMiniLM,0,22,0,13,9,0
7-needle-gate:29,P0063,de,12,unionE5,0,24,0,12,12,0
7-needle-gate:29,P0063,de,12,rrfE5,0,12,0,6,6,0
7-needle-gate:30,P0062,de,5,fts,2,5,2,3,0,0
7-needle-gate:30,P0062,de,5,currentMiniLM,2,5,0,2,3,0
7-needle-gate:30,P0062,de,5,rebuiltMiniLM,2,5,0,1,4,0
7-needle-gate:30,P0062,de,5,e5CurrentKinds,2,5,0,1,4,0
7-needle-gate:30,P0062,de,5,e5,2,5,0,1,4,0
7-needle-gate:30,P0062,de,5,unionCurrentMiniLM,2,10,2,5,3,0
7-needle-gate:30,P0062,de,5,unionRebuiltMiniLM,2,10,2,4,4,0
7-needle-gate:30,P0062,de,5,unionE5,2,10,2,4,4,0
7-needle-gate:30,P0062,de,5,rrfE5,2,5,2,1,2,0
7-needle-gate:30,P0062,de,12,fts,2,12,2,10,0,0
7-needle-gate:30,P0062,de,12,currentMiniLM,2,12,0,3,9,0
7-needle-gate:30,P0062,de,12,rebuiltMiniLM,2,12,0,2,10,0
7-needle-gate:30,P0062,de,12,e5CurrentKinds,2,12,1,3,8,0
7-needle-gate:30,P0062,de,12,e5,2,12,1,3,8,0
7-needle-gate:30,P0062,de,12,unionCurrentMiniLM,2,23,2,12,9,0
7-needle-gate:30,P0062,de,12,unionRebuiltMiniLM,2,23,2,11,10,0
7-needle-gate:30,P0062,de,12,unionE5,2,23,2,13,8,0
7-needle-gate:30,P0062,de,12,rrfE5,2,12,2,6,4,0
7-needle-gate:31,P0054,de,5,fts,0,5,0,5,0,0
7-needle-gate:31,P0054,de,5,currentMiniLM,0,5,0,0,5,0
7-needle-gate:31,P0054,de,5,rebuiltMiniLM,0,5,0,1,4,0
7-needle-gate:31,P0054,de,5,e5CurrentKinds,0,5,0,0,5,0
7-needle-gate:31,P0054,de,5,e5,0,5,0,0,5,0
7-needle-gate:31,P0054,de,5,unionCurrentMiniLM,0,10,0,5,5,0
7-needle-gate:31,P0054,de,5,unionRebuiltMiniLM,0,9,0,5,4,0
7-needle-gate:31,P0054,de,5,unionE5,0,10,0,5,5,0
7-needle-gate:31,P0054,de,5,rrfE5,0,5,0,3,2,0
7-needle-gate:31,P0054,de,12,fts,0,12,0,12,0,0
7-needle-gate:31,P0054,de,12,currentMiniLM,0,12,0,0,12,0
7-needle-gate:31,P0054,de,12,rebuiltMiniLM,0,12,0,1,11,0
7-needle-gate:31,P0054,de,12,e5CurrentKinds,0,12,0,0,12,0
7-needle-gate:31,P0054,de,12,e5,0,12,0,0,12,0
7-needle-gate:31,P0054,de,12,unionCurrentMiniLM,0,24,0,12,12,0
7-needle-gate:31,P0054,de,12,unionRebuiltMiniLM,0,23,0,12,11,0
7-needle-gate:31,P0054,de,12,unionE5,0,24,0,12,12,0
7-needle-gate:31,P0054,de,12,rrfE5,0,12,0,6,6,0
7-needle-gate:32,P0076,de,5,fts,3,5,2,3,0,0
7-needle-gate:32,P0076,de,5,currentMiniLM,3,5,1,2,2,0
7-needle-gate:32,P0076,de,5,rebuiltMiniLM,3,5,1,3,1,0
7-needle-gate:32,P0076,de,5,e5CurrentKinds,3,5,1,3,1,0
7-needle-gate:32,P0076,de,5,e5,3,5,1,3,1,0
7-needle-gate:32,P0076,de,5,unionCurrentMiniLM,3,8,2,4,2,0
7-needle-gate:32,P0076,de,5,unionRebuiltMiniLM,3,6,2,3,1,0
7-needle-gate:32,P0076,de,5,unionE5,3,7,2,4,1,0
7-needle-gate:32,P0076,de,5,rrfE5,3,5,2,3,0,0
7-needle-gate:32,P0076,de,12,fts,3,12,3,9,0,0
7-needle-gate:32,P0076,de,12,currentMiniLM,3,12,2,4,6,0
7-needle-gate:32,P0076,de,12,rebuiltMiniLM,3,12,2,5,5,0
7-needle-gate:32,P0076,de,12,e5CurrentKinds,3,12,1,4,7,0
7-needle-gate:32,P0076,de,12,e5,3,12,2,4,6,0
7-needle-gate:32,P0076,de,12,unionCurrentMiniLM,3,18,3,9,6,0
7-needle-gate:32,P0076,de,12,unionRebuiltMiniLM,3,17,3,9,5,0
7-needle-gate:32,P0076,de,12,unionE5,3,18,3,9,6,0
7-needle-gate:32,P0076,de,12,rrfE5,3,12,2,7,3,0
7-needle-gate:33,P0063,de,5,fts,3,5,0,5,0,0
7-needle-gate:33,P0063,de,5,currentMiniLM,3,5,1,1,3,1
7-needle-gate:33,P0063,de,5,rebuiltMiniLM,3,5,0,0,5,0
7-needle-gate:33,P0063,de,5,e5CurrentKinds,3,5,0,1,4,0
7-needle-gate:33,P0063,de,5,e5,3,5,0,1,4,0
7-needle-gate:33,P0063,de,5,unionCurrentMiniLM,3,10,1,6,3,1
7-needle-gate:33,P0063,de,5,unionRebuiltMiniLM,3,10,0,5,5,0
7-needle-gate:33,P0063,de,5,unionE5,3,10,0,6,4,0
7-needle-gate:33,P0063,de,5,rrfE5,3,5,0,4,1,0
7-needle-gate:33,P0063,de,12,fts,3,12,3,9,0,0
7-needle-gate:33,P0063,de,12,currentMiniLM,3,12,1,3,8,0
7-needle-gate:33,P0063,de,12,rebuiltMiniLM,3,12,0,1,11,0
7-needle-gate:33,P0063,de,12,e5CurrentKinds,3,12,0,4,8,0
7-needle-gate:33,P0063,de,12,e5,3,12,0,1,11,0
7-needle-gate:33,P0063,de,12,unionCurrentMiniLM,3,20,3,9,8,0
7-needle-gate:33,P0063,de,12,unionRebuiltMiniLM,3,23,3,9,11,0
7-needle-gate:33,P0063,de,12,unionE5,3,23,3,9,11,0
7-needle-gate:33,P0063,de,12,rrfE5,3,12,0,7,5,0
7-needle-gate:34,P0062,de,5,fts,3,5,3,2,0,0
7-needle-gate:34,P0062,de,5,currentMiniLM,3,5,0,0,5,0
7-needle-gate:34,P0062,de,5,rebuiltMiniLM,3,5,0,0,5,0
7-needle-gate:34,P0062,de,5,e5CurrentKinds,3,5,0,0,5,0
7-needle-gate:34,P0062,de,5,e5,3,5,0,0,5,0
7-needle-gate:34,P0062,de,5,unionCurrentMiniLM,3,10,3,2,5,0
7-needle-gate:34,P0062,de,5,unionRebuiltMiniLM,3,10,3,2,5,0
7-needle-gate:34,P0062,de,5,unionE5,3,10,3,2,5,0
7-needle-gate:34,P0062,de,5,rrfE5,3,5,1,2,2,0
7-needle-gate:34,P0062,de,12,fts,3,12,3,9,0,0
7-needle-gate:34,P0062,de,12,currentMiniLM,3,12,0,0,12,0
7-needle-gate:34,P0062,de,12,rebuiltMiniLM,3,12,1,0,11,0
7-needle-gate:34,P0062,de,12,e5CurrentKinds,3,12,0,0,12,0
7-needle-gate:34,P0062,de,12,e5,3,12,0,0,12,0
7-needle-gate:34,P0062,de,12,unionCurrentMiniLM,3,24,3,9,12,0
7-needle-gate:34,P0062,de,12,unionRebuiltMiniLM,3,23,3,9,11,0
7-needle-gate:34,P0062,de,12,unionE5,3,24,3,9,12,0
7-needle-gate:34,P0062,de,12,rrfE5,3,12,3,3,6,0
7-needle-gate:35,P0054,de,5,fts,0,5,0,5,0,0
7-needle-gate:35,P0054,de,5,currentMiniLM,0,5,0,0,5,0
7-needle-gate:35,P0054,de,5,rebuiltMiniLM,0,5,0,0,5,0
7-needle-gate:35,P0054,de,5,e5CurrentKinds,0,5,0,0,5,0
7-needle-gate:35,P0054,de,5,e5,0,5,0,0,5,0
7-needle-gate:35,P0054,de,5,unionCurrentMiniLM,0,10,0,5,5,0
7-needle-gate:35,P0054,de,5,unionRebuiltMiniLM,0,10,0,5,5,0
7-needle-gate:35,P0054,de,5,unionE5,0,10,0,5,5,0
7-needle-gate:35,P0054,de,5,rrfE5,0,5,0,3,2,0
7-needle-gate:35,P0054,de,12,fts,0,12,0,12,0,0
7-needle-gate:35,P0054,de,12,currentMiniLM,0,12,0,2,10,0
7-needle-gate:35,P0054,de,12,rebuiltMiniLM,0,12,0,0,12,0
7-needle-gate:35,P0054,de,12,e5CurrentKinds,0,12,0,0,12,0
7-needle-gate:35,P0054,de,12,e5,0,12,0,0,12,0
7-needle-gate:35,P0054,de,12,unionCurrentMiniLM,0,22,0,12,10,0
7-needle-gate:35,P0054,de,12,unionRebuiltMiniLM,0,24,0,12,12,0
7-needle-gate:35,P0054,de,12,unionE5,0,24,0,12,12,0
7-needle-gate:35,P0054,de,12,rrfE5,0,12,0,6,6,0
7-needle-gate:36,P0076,de,5,fts,0,0,0,0,0,0
7-needle-gate:36,P0076,de,5,currentMiniLM,0,5,0,0,5,0
7-needle-gate:36,P0076,de,5,rebuiltMiniLM,0,5,0,0,5,0
7-needle-gate:36,P0076,de,5,e5CurrentKinds,0,5,0,0,5,0
7-needle-gate:36,P0076,de,5,e5,0,5,0,0,5,0
7-needle-gate:36,P0076,de,5,unionCurrentMiniLM,0,5,0,0,5,0
7-needle-gate:36,P0076,de,5,unionRebuiltMiniLM,0,5,0,0,5,0
7-needle-gate:36,P0076,de,5,unionE5,0,5,0,0,5,0
7-needle-gate:36,P0076,de,5,rrfE5,0,5,0,0,5,0
7-needle-gate:36,P0076,de,12,fts,0,0,0,0,0,0
7-needle-gate:36,P0076,de,12,currentMiniLM,0,12,0,0,12,0
7-needle-gate:36,P0076,de,12,rebuiltMiniLM,0,12,0,0,12,0
7-needle-gate:36,P0076,de,12,e5CurrentKinds,0,12,0,0,12,0
7-needle-gate:36,P0076,de,12,e5,0,12,0,0,12,0
7-needle-gate:36,P0076,de,12,unionCurrentMiniLM,0,12,0,0,12,0
7-needle-gate:36,P0076,de,12,unionRebuiltMiniLM,0,12,0,0,12,0
7-needle-gate:36,P0076,de,12,unionE5,0,12,0,0,12,0
7-needle-gate:36,P0076,de,12,rrfE5,0,12,0,0,12,0
7-needle-gate:37,P0063,de,5,fts,4,5,2,3,0,0
7-needle-gate:37,P0063,de,5,currentMiniLM,4,5,0,1,4,0
7-needle-gate:37,P0063,de,5,rebuiltMiniLM,4,5,0,1,4,0
7-needle-gate:37,P0063,de,5,e5CurrentKinds,4,5,0,0,5,0
7-needle-gate:37,P0063,de,5,e5,4,5,0,0,5,0
7-needle-gate:37,P0063,de,5,unionCurrentMiniLM,4,10,2,4,4,0
7-needle-gate:37,P0063,de,5,unionRebuiltMiniLM,4,10,2,4,4,0
7-needle-gate:37,P0063,de,5,unionE5,4,10,2,3,5,0
7-needle-gate:37,P0063,de,5,rrfE5,4,5,0,3,2,0
7-needle-gate:37,P0063,de,12,fts,4,12,3,9,0,0
7-needle-gate:37,P0063,de,12,currentMiniLM,4,12,0,2,10,0
7-needle-gate:37,P0063,de,12,rebuiltMiniLM,4,12,0,2,10,0
7-needle-gate:37,P0063,de,12,e5CurrentKinds,4,12,1,2,9,0
7-needle-gate:37,P0063,de,12,e5,4,12,1,1,10,0
7-needle-gate:37,P0063,de,12,unionCurrentMiniLM,4,23,3,10,10,0
7-needle-gate:37,P0063,de,12,unionRebuiltMiniLM,4,22,3,9,10,0
7-needle-gate:37,P0063,de,12,unionE5,4,22,3,9,10,0
7-needle-gate:37,P0063,de,12,rrfE5,4,12,2,5,5,0
7-needle-gate:38,P0062,de,5,fts,0,5,0,5,0,0
7-needle-gate:38,P0062,de,5,currentMiniLM,0,5,0,0,5,0
7-needle-gate:38,P0062,de,5,rebuiltMiniLM,0,5,0,2,3,0
7-needle-gate:38,P0062,de,5,e5CurrentKinds,0,5,0,1,4,0
7-needle-gate:38,P0062,de,5,e5,0,5,0,1,4,0
7-needle-gate:38,P0062,de,5,unionCurrentMiniLM,0,10,0,5,5,0
7-needle-gate:38,P0062,de,5,unionRebuiltMiniLM,0,8,0,5,3,0
7-needle-gate:38,P0062,de,5,unionE5,0,10,0,6,4,0
7-needle-gate:38,P0062,de,5,rrfE5,0,5,0,4,1,0
7-needle-gate:38,P0062,de,12,fts,0,12,0,12,0,0
7-needle-gate:38,P0062,de,12,currentMiniLM,0,12,0,0,12,0
7-needle-gate:38,P0062,de,12,rebuiltMiniLM,0,12,0,3,9,0
7-needle-gate:38,P0062,de,12,e5CurrentKinds,0,12,0,1,11,0
7-needle-gate:38,P0062,de,12,e5,0,12,0,2,10,0
7-needle-gate:38,P0062,de,12,unionCurrentMiniLM,0,24,0,12,12,0
7-needle-gate:38,P0062,de,12,unionRebuiltMiniLM,0,21,0,12,9,0
7-needle-gate:38,P0062,de,12,unionE5,0,23,0,13,10,0
7-needle-gate:38,P0062,de,12,rrfE5,0,12,0,7,5,0
7-needle-gate:39,P0054,de,5,fts,2,5,2,3,0,0
7-needle-gate:39,P0054,de,5,currentMiniLM,2,5,0,1,4,0
7-needle-gate:39,P0054,de,5,rebuiltMiniLM,2,5,0,1,4,0
7-needle-gate:39,P0054,de,5,e5CurrentKinds,2,5,1,1,3,0
7-needle-gate:39,P0054,de,5,e5,2,5,1,1,3,0
7-needle-gate:39,P0054,de,5,unionCurrentMiniLM,2,10,2,4,4,0
7-needle-gate:39,P0054,de,5,unionRebuiltMiniLM,2,10,2,4,4,0
7-needle-gate:39,P0054,de,5,unionE5,2,9,2,4,3,0
7-needle-gate:39,P0054,de,5,rrfE5,2,5,2,2,1,0
7-needle-gate:39,P0054,de,12,fts,2,12,2,10,0,0
7-needle-gate:39,P0054,de,12,currentMiniLM,2,12,1,3,8,0
7-needle-gate:39,P0054,de,12,rebuiltMiniLM,2,12,1,3,8,0
7-needle-gate:39,P0054,de,12,e5CurrentKinds,2,12,1,3,8,0
7-needle-gate:39,P0054,de,12,e5,2,12,1,3,8,0
7-needle-gate:39,P0054,de,12,unionCurrentMiniLM,2,20,2,10,8,0
7-needle-gate:39,P0054,de,12,unionRebuiltMiniLM,2,20,2,10,8,0
7-needle-gate:39,P0054,de,12,unionE5,2,20,2,10,8,0
7-needle-gate:39,P0054,de,12,rrfE5,2,12,2,7,3,0
8-noise:0,P0076,de,5,fts,6,5,4,1,0,0
8-noise:0,P0076,de,5,currentMiniLM,6,5,1,1,3,0
8-noise:0,P0076,de,5,rebuiltMiniLM,6,5,0,1,4,0
8-noise:0,P0076,de,5,e5CurrentKinds,6,5,1,2,2,1
8-noise:0,P0076,de,5,e5,6,5,2,1,2,0
8-noise:0,P0076,de,5,unionCurrentMiniLM,6,9,4,2,3,0
8-noise:0,P0076,de,5,unionRebuiltMiniLM,6,10,4,2,4,0
8-noise:0,P0076,de,5,unionE5,6,8,4,2,2,0
8-noise:0,P0076,de,5,rrfE5,6,5,3,2,0,0
8-noise:0,P0076,de,12,fts,6,12,6,6,0,0
8-noise:0,P0076,de,12,currentMiniLM,6,12,3,2,7,0
8-noise:0,P0076,de,12,rebuiltMiniLM,6,12,2,1,9,0
8-noise:0,P0076,de,12,e5CurrentKinds,6,12,3,2,7,0
8-noise:0,P0076,de,12,e5,6,12,4,2,6,0
8-noise:0,P0076,de,12,unionCurrentMiniLM,6,19,6,6,7,0
8-noise:0,P0076,de,12,unionRebuiltMiniLM,6,21,6,6,9,0
8-noise:0,P0076,de,12,unionE5,6,18,6,6,6,0
8-noise:0,P0076,de,12,rrfE5,6,12,6,3,3,0
8-noise:1,unrestricted,de,5,fts,0,5,0,5,0,0
8-noise:1,unrestricted,de,5,currentMiniLM,0,5,0,0,5,0
8-noise:1,unrestricted,de,5,rebuiltMiniLM,0,5,0,0,5,0
8-noise:1,unrestricted,de,5,e5CurrentKinds,0,5,0,0,5,0
8-noise:1,unrestricted,de,5,e5,0,5,0,0,5,0
8-noise:1,unrestricted,de,5,unionCurrentMiniLM,0,10,0,5,5,0
8-noise:1,unrestricted,de,5,unionRebuiltMiniLM,0,10,0,5,5,0
8-noise:1,unrestricted,de,5,unionE5,0,10,0,5,5,0
8-noise:1,unrestricted,de,5,rrfE5,0,5,0,3,2,0
8-noise:1,unrestricted,de,12,fts,0,12,0,12,0,0
8-noise:1,unrestricted,de,12,currentMiniLM,0,12,0,0,12,0
8-noise:1,unrestricted,de,12,rebuiltMiniLM,0,12,0,0,12,0
8-noise:1,unrestricted,de,12,e5CurrentKinds,0,12,0,0,12,0
8-noise:1,unrestricted,de,12,e5,0,12,0,0,12,0
8-noise:1,unrestricted,de,12,unionCurrentMiniLM,0,24,0,12,12,0
8-noise:1,unrestricted,de,12,unionRebuiltMiniLM,0,24,0,12,12,0
8-noise:1,unrestricted,de,12,unionE5,0,24,0,12,12,0
8-noise:1,unrestricted,de,12,rrfE5,0,12,0,6,6,0
8-noise:2,P0073,de,5,fts,0,5,0,5,0,0
8-noise:2,P0073,de,5,currentMiniLM,0,5,0,0,5,0
8-noise:2,P0073,de,5,rebuiltMiniLM,0,5,0,0,5,0
8-noise:2,P0073,de,5,e5CurrentKinds,0,5,0,0,5,0
8-noise:2,P0073,de,5,e5,0,5,0,0,5,0
8-noise:2,P0073,de,5,unionCurrentMiniLM,0,10,0,5,5,0
8-noise:2,P0073,de,5,unionRebuiltMiniLM,0,10,0,5,5,0
8-noise:2,P0073,de,5,unionE5,0,10,0,5,5,0
8-noise:2,P0073,de,5,rrfE5,0,5,0,3,2,0
8-noise:2,P0073,de,12,fts,0,12,0,12,0,0
8-noise:2,P0073,de,12,currentMiniLM,0,12,0,0,12,0
8-noise:2,P0073,de,12,rebuiltMiniLM,0,12,0,1,11,0
8-noise:2,P0073,de,12,e5CurrentKinds,0,12,0,1,11,0
8-noise:2,P0073,de,12,e5,0,12,0,1,11,0
8-noise:2,P0073,de,12,unionCurrentMiniLM,0,24,0,12,12,0
8-noise:2,P0073,de,12,unionRebuiltMiniLM,0,23,0,12,11,0
8-noise:2,P0073,de,12,unionE5,0,23,0,12,11,0
8-noise:2,P0073,de,12,rrfE5,0,12,0,6,6,0
8-noise:3,P0063,de,5,fts,0,5,0,5,0,0
8-noise:3,P0063,de,5,currentMiniLM,0,5,0,0,5,0
8-noise:3,P0063,de,5,rebuiltMiniLM,0,5,0,0,5,0
8-noise:3,P0063,de,5,e5CurrentKinds,0,5,0,1,4,0
8-noise:3,P0063,de,5,e5,0,5,0,0,5,0
8-noise:3,P0063,de,5,unionCurrentMiniLM,0,10,0,5,5,0
8-noise:3,P0063,de,5,unionRebuiltMiniLM,0,10,0,5,5,0
8-noise:3,P0063,de,5,unionE5,0,10,0,5,5,0
8-noise:3,P0063,de,5,rrfE5,0,5,0,3,2,0
8-noise:3,P0063,de,12,fts,0,12,0,12,0,0
8-noise:3,P0063,de,12,currentMiniLM,0,12,0,1,11,0
8-noise:3,P0063,de,12,rebuiltMiniLM,0,12,0,0,12,0
8-noise:3,P0063,de,12,e5CurrentKinds,0,12,0,1,11,0
8-noise:3,P0063,de,12,e5,0,12,0,1,11,0
8-noise:3,P0063,de,12,unionCurrentMiniLM,0,23,0,12,11,0
8-noise:3,P0063,de,12,unionRebuiltMiniLM,0,24,0,12,12,0
8-noise:3,P0063,de,12,unionE5,0,23,0,12,11,0
8-noise:3,P0063,de,12,rrfE5,0,12,0,6,6,0
8-noise:4,P0054,en,5,fts,0,5,0,5,0,0
8-noise:4,P0054,en,5,currentMiniLM,0,5,0,0,5,0
8-noise:4,P0054,en,5,rebuiltMiniLM,0,5,0,2,3,0
8-noise:4,P0054,en,5,e5CurrentKinds,0,5,0,1,4,0
8-noise:4,P0054,en,5,e5,0,5,0,2,3,0
8-noise:4,P0054,en,5,unionCurrentMiniLM,0,10,0,5,5,0
8-noise:4,P0054,en,5,unionRebuiltMiniLM,0,8,0,5,3,0
8-noise:4,P0054,en,5,unionE5,0,8,0,5,3,0
8-noise:4,P0054,en,5,rrfE5,0,5,0,3,2,0
8-noise:4,P0054,en,12,fts,0,12,0,12,0,0
8-noise:4,P0054,en,12,currentMiniLM,0,12,0,2,10,0
8-noise:4,P0054,en,12,rebuiltMiniLM,0,12,0,3,9,0
8-noise:4,P0054,en,12,e5CurrentKinds,0,12,0,1,11,0
8-noise:4,P0054,en,12,e5,0,12,0,2,10,0
8-noise:4,P0054,en,12,unionCurrentMiniLM,0,22,0,12,10,0
8-noise:4,P0054,en,12,unionRebuiltMiniLM,0,21,0,12,9,0
8-noise:4,P0054,en,12,unionE5,0,22,0,12,10,0
8-noise:4,P0054,en,12,rrfE5,0,12,0,7,5,0
8-noise:5,P0073,en,5,fts,0,5,0,5,0,0
8-noise:5,P0073,en,5,currentMiniLM,0,5,0,1,4,0
8-noise:5,P0073,en,5,rebuiltMiniLM,0,5,0,0,5,0
8-noise:5,P0073,en,5,e5CurrentKinds,0,5,0,0,5,0
8-noise:5,P0073,en,5,e5,0,5,0,0,5,0
8-noise:5,P0073,en,5,unionCurrentMiniLM,0,9,0,5,4,0
8-noise:5,P0073,en,5,unionRebuiltMiniLM,0,10,0,5,5,0
8-noise:5,P0073,en,5,unionE5,0,10,0,5,5,0
8-noise:5,P0073,en,5,rrfE5,0,5,0,3,2,0
8-noise:5,P0073,en,12,fts,0,12,0,12,0,0
8-noise:5,P0073,en,12,currentMiniLM,0,12,0,2,10,0
8-noise:5,P0073,en,12,rebuiltMiniLM,0,12,0,1,11,0
8-noise:5,P0073,en,12,e5CurrentKinds,0,12,0,1,11,0
8-noise:5,P0073,en,12,e5,0,12,0,0,12,0
8-noise:5,P0073,en,12,unionCurrentMiniLM,0,22,0,12,10,0
8-noise:5,P0073,en,12,unionRebuiltMiniLM,0,23,0,12,11,0
8-noise:5,P0073,en,12,unionE5,0,24,0,12,12,0
8-noise:5,P0073,en,12,rrfE5,0,12,0,6,6,0
8-noise:6,P0063,en,5,fts,0,5,0,5,0,0
8-noise:6,P0063,en,5,currentMiniLM,0,5,0,0,5,0
8-noise:6,P0063,en,5,rebuiltMiniLM,0,5,0,0,5,0
8-noise:6,P0063,en,5,e5CurrentKinds,0,5,0,0,5,0
8-noise:6,P0063,en,5,e5,0,5,0,1,4,0
8-noise:6,P0063,en,5,unionCurrentMiniLM,0,10,0,5,5,0
8-noise:6,P0063,en,5,unionRebuiltMiniLM,0,10,0,5,5,0
8-noise:6,P0063,en,5,unionE5,0,10,0,6,4,0
8-noise:6,P0063,en,5,rrfE5,0,5,0,4,1,0
8-noise:6,P0063,en,12,fts,0,12,0,12,0,0
8-noise:6,P0063,en,12,currentMiniLM,0,12,0,0,12,0
8-noise:6,P0063,en,12,rebuiltMiniLM,0,12,0,1,11,0
8-noise:6,P0063,en,12,e5CurrentKinds,0,12,0,0,12,0
8-noise:6,P0063,en,12,e5,0,12,0,1,11,0
8-noise:6,P0063,en,12,unionCurrentMiniLM,0,24,0,12,12,0
8-noise:6,P0063,en,12,unionRebuiltMiniLM,0,23,0,12,11,0
8-noise:6,P0063,en,12,unionE5,0,23,0,12,11,0
8-noise:6,P0063,en,12,rrfE5,0,12,0,7,5,0
8-noise:7,unrestricted,en,5,fts,0,5,0,5,0,0
8-noise:7,unrestricted,en,5,currentMiniLM,0,5,0,0,5,0
8-noise:7,unrestricted,en,5,rebuiltMiniLM,0,5,0,1,4,0
8-noise:7,unrestricted,en,5,e5CurrentKinds,0,5,0,0,5,0
8-noise:7,unrestricted,en,5,e5,0,5,0,1,4,0
8-noise:7,unrestricted,en,5,unionCurrentMiniLM,0,10,0,5,5,0
8-noise:7,unrestricted,en,5,unionRebuiltMiniLM,0,9,0,5,4,0
8-noise:7,unrestricted,en,5,unionE5,0,9,0,5,4,0
8-noise:7,unrestricted,en,5,rrfE5,0,5,0,3,2,0
8-noise:7,unrestricted,en,12,fts,0,12,0,12,0,0
8-noise:7,unrestricted,en,12,currentMiniLM,0,12,0,0,12,0
8-noise:7,unrestricted,en,12,rebuiltMiniLM,0,12,0,1,11,0
8-noise:7,unrestricted,en,12,e5CurrentKinds,0,12,0,0,12,0
8-noise:7,unrestricted,en,12,e5,0,12,0,1,11,0
8-noise:7,unrestricted,en,12,unionCurrentMiniLM,0,24,0,12,12,0
8-noise:7,unrestricted,en,12,unionRebuiltMiniLM,0,23,0,12,11,0
8-noise:7,unrestricted,en,12,unionE5,0,23,0,12,11,0
8-noise:7,unrestricted,en,12,rrfE5,0,12,0,7,5,0
8-noise:8,P0076,de,5,fts,1,5,1,4,0,0
8-noise:8,P0076,de,5,currentMiniLM,1,5,1,0,4,0
8-noise:8,P0076,de,5,rebuiltMiniLM,1,5,0,0,5,0
8-noise:8,P0076,de,5,e5CurrentKinds,1,5,1,2,2,0
8-noise:8,P0076,de,5,e5,1,5,1,1,3,0
8-noise:8,P0076,de,5,unionCurrentMiniLM,1,9,1,4,4,0
8-noise:8,P0076,de,5,unionRebuiltMiniLM,1,10,1,4,5,0
8-noise:8,P0076,de,5,unionE5,1,8,1,4,3,0
8-noise:8,P0076,de,5,rrfE5,1,5,1,3,1,0
8-noise:8,P0076,de,12,fts,1,12,1,11,0,0
8-noise:8,P0076,de,12,currentMiniLM,1,12,1,3,8,0
8-noise:8,P0076,de,12,rebuiltMiniLM,1,12,1,1,10,0
8-noise:8,P0076,de,12,e5CurrentKinds,1,12,1,4,7,0
8-noise:8,P0076,de,12,e5,1,12,1,3,8,0
8-noise:8,P0076,de,12,unionCurrentMiniLM,1,20,1,11,8,0
8-noise:8,P0076,de,12,unionRebuiltMiniLM,1,22,1,11,10,0
8-noise:8,P0076,de,12,unionE5,1,20,1,11,8,0
8-noise:8,P0076,de,12,rrfE5,1,12,1,7,4,0
8-noise:9,unrestricted,de,5,fts,0,5,0,5,0,0
8-noise:9,unrestricted,de,5,currentMiniLM,0,5,0,2,3,0
8-noise:9,unrestricted,de,5,rebuiltMiniLM,0,5,0,0,5,0
8-noise:9,unrestricted,de,5,e5CurrentKinds,0,5,0,1,4,0
8-noise:9,unrestricted,de,5,e5,0,5,0,1,4,0
8-noise:9,unrestricted,de,5,unionCurrentMiniLM,0,9,0,6,3,0
8-noise:9,unrestricted,de,5,unionRebuiltMiniLM,0,10,0,5,5,0
8-noise:9,unrestricted,de,5,unionE5,0,9,0,5,4,0
8-noise:9,unrestricted,de,5,rrfE5,0,5,0,3,2,0
8-noise:9,unrestricted,de,12,fts,0,12,0,12,0,0
8-noise:9,unrestricted,de,12,currentMiniLM,0,12,0,2,10,0
8-noise:9,unrestricted,de,12,rebuiltMiniLM,0,12,0,1,11,0
8-noise:9,unrestricted,de,12,e5CurrentKinds,0,12,0,3,9,0
8-noise:9,unrestricted,de,12,e5,0,12,0,2,10,0
8-noise:9,unrestricted,de,12,unionCurrentMiniLM,0,22,0,12,10,0
8-noise:9,unrestricted,de,12,unionRebuiltMiniLM,0,23,0,12,11,0
8-noise:9,unrestricted,de,12,unionE5,0,22,0,12,10,0
8-noise:9,unrestricted,de,12,rrfE5,0,12,0,7,5,0
8-noise:10,P0073,de,5,fts,0,5,0,5,0,0
8-noise:10,P0073,de,5,currentMiniLM,0,5,0,0,5,0
8-noise:10,P0073,de,5,rebuiltMiniLM,0,5,0,1,4,0
8-noise:10,P0073,de,5,e5CurrentKinds,0,5,0,0,5,0
8-noise:10,P0073,de,5,e5,0,5,0,2,3,0
8-noise:10,P0073,de,5,unionCurrentMiniLM,0,10,0,5,5,0
8-noise:10,P0073,de,5,unionRebuiltMiniLM,0,10,0,6,4,0
8-noise:10,P0073,de,5,unionE5,0,9,0,6,3,0
8-noise:10,P0073,de,5,rrfE5,0,5,0,4,1,0
8-noise:10,P0073,de,12,fts,0,12,0,11,1,0
8-noise:10,P0073,de,12,currentMiniLM,0,12,0,0,12,0
8-noise:10,P0073,de,12,rebuiltMiniLM,0,12,0,3,9,0
8-noise:10,P0073,de,12,e5CurrentKinds,0,12,0,0,12,0
8-noise:10,P0073,de,12,e5,0,12,0,2,10,0
8-noise:10,P0073,de,12,unionCurrentMiniLM,0,23,0,11,12,0
8-noise:10,P0073,de,12,unionRebuiltMiniLM,0,21,0,11,10,0
8-noise:10,P0073,de,12,unionE5,0,21,0,11,10,0
8-noise:10,P0073,de,12,rrfE5,0,12,0,8,4,0
8-noise:11,P0063,de,5,fts,0,5,0,5,0,0
8-noise:11,P0063,de,5,currentMiniLM,0,5,0,0,5,0
8-noise:11,P0063,de,5,rebuiltMiniLM,0,5,0,0,5,0
8-noise:11,P0063,de,5,e5CurrentKinds,0,5,0,0,5,0
8-noise:11,P0063,de,5,e5,0,5,0,0,5,0
8-noise:11,P0063,de,5,unionCurrentMiniLM,0,10,0,5,5,0
8-noise:11,P0063,de,5,unionRebuiltMiniLM,0,10,0,5,5,0
8-noise:11,P0063,de,5,unionE5,0,10,0,5,5,0
8-noise:11,P0063,de,5,rrfE5,0,5,0,3,2,0
8-noise:11,P0063,de,12,fts,0,12,0,11,1,0
8-noise:11,P0063,de,12,currentMiniLM,0,12,0,0,12,0
8-noise:11,P0063,de,12,rebuiltMiniLM,0,12,0,0,12,0
8-noise:11,P0063,de,12,e5CurrentKinds,0,12,0,0,12,0
8-noise:11,P0063,de,12,e5,0,12,0,0,12,0
8-noise:11,P0063,de,12,unionCurrentMiniLM,0,24,0,11,13,0
8-noise:11,P0063,de,12,unionRebuiltMiniLM,0,23,0,11,12,0
8-noise:11,P0063,de,12,unionE5,0,24,0,11,13,0
8-noise:11,P0063,de,12,rrfE5,0,12,0,6,6,0
8-noise:12,P0054,en,5,fts,0,5,0,5,0,0
8-noise:12,P0054,en,5,currentMiniLM,0,5,0,1,4,0
8-noise:12,P0054,en,5,rebuiltMiniLM,0,5,0,2,3,0
8-noise:12,P0054,en,5,e5CurrentKinds,0,5,0,0,5,0
8-noise:12,P0054,en,5,e5,0,5,0,0,5,0
8-noise:12,P0054,en,5,unionCurrentMiniLM,0,9,0,5,4,0
8-noise:12,P0054,en,5,unionRebuiltMiniLM,0,8,0,5,3,0
8-noise:12,P0054,en,5,unionE5,0,10,0,5,5,0
8-noise:12,P0054,en,5,rrfE5,0,5,0,3,2,0
8-noise:12,P0054,en,12,fts,0,12,0,12,0,0
8-noise:12,P0054,en,12,currentMiniLM,0,12,0,2,10,0
8-noise:12,P0054,en,12,rebuiltMiniLM,0,12,0,2,10,0
8-noise:12,P0054,en,12,e5CurrentKinds,0,12,0,0,12,0
8-noise:12,P0054,en,12,e5,0,12,0,0,12,0
8-noise:12,P0054,en,12,unionCurrentMiniLM,0,22,0,12,10,0
8-noise:12,P0054,en,12,unionRebuiltMiniLM,0,22,0,12,10,0
8-noise:12,P0054,en,12,unionE5,0,24,0,12,12,0
8-noise:12,P0054,en,12,rrfE5,0,12,0,6,6,0
8-noise:13,P0063,en,5,fts,0,5,0,5,0,0
8-noise:13,P0063,en,5,currentMiniLM,0,5,0,1,4,0
8-noise:13,P0063,en,5,rebuiltMiniLM,0,5,0,0,5,0
8-noise:13,P0063,en,5,e5CurrentKinds,0,5,0,3,2,0
8-noise:13,P0063,en,5,e5,0,5,0,2,3,0
8-noise:13,P0063,en,5,unionCurrentMiniLM,0,9,0,5,4,0
8-noise:13,P0063,en,5,unionRebuiltMiniLM,0,10,0,5,5,0
8-noise:13,P0063,en,5,unionE5,0,9,0,6,3,0
8-noise:13,P0063,en,5,rrfE5,0,5,0,3,2,0
8-noise:13,P0063,en,12,fts,0,12,0,12,0,0
8-noise:13,P0063,en,12,currentMiniLM,0,12,0,2,10,0
8-noise:13,P0063,en,12,rebuiltMiniLM,0,12,0,1,11,0
8-noise:13,P0063,en,12,e5CurrentKinds,0,12,0,3,9,0
8-noise:13,P0063,en,12,e5,0,12,0,3,9,0
8-noise:13,P0063,en,12,unionCurrentMiniLM,0,22,0,12,10,0
8-noise:13,P0063,en,12,unionRebuiltMiniLM,0,23,0,12,11,0
8-noise:13,P0063,en,12,unionE5,0,21,0,12,9,0
8-noise:13,P0063,en,12,rrfE5,0,12,0,8,4,0
8-noise:14,P0076,de,5,fts,0,4,0,4,0,0
8-noise:14,P0076,de,5,currentMiniLM,0,5,0,0,5,0
8-noise:14,P0076,de,5,rebuiltMiniLM,0,5,0,1,4,0
8-noise:14,P0076,de,5,e5CurrentKinds,0,5,0,0,5,0
8-noise:14,P0076,de,5,e5,0,5,0,0,5,0
8-noise:14,P0076,de,5,unionCurrentMiniLM,0,9,0,4,5,0
8-noise:14,P0076,de,5,unionRebuiltMiniLM,0,8,0,4,4,0
8-noise:14,P0076,de,5,unionE5,0,9,0,4,5,0
8-noise:14,P0076,de,5,rrfE5,0,5,0,3,2,0
8-noise:14,P0076,de,12,fts,0,4,0,4,0,0
8-noise:14,P0076,de,12,currentMiniLM,0,12,0,1,11,0
8-noise:14,P0076,de,12,rebuiltMiniLM,0,12,0,1,11,0
8-noise:14,P0076,de,12,e5CurrentKinds,0,12,0,1,11,0
8-noise:14,P0076,de,12,e5,0,12,0,1,11,0
8-noise:14,P0076,de,12,unionCurrentMiniLM,0,15,0,4,11,0
8-noise:14,P0076,de,12,unionRebuiltMiniLM,0,15,0,4,11,0
8-noise:14,P0076,de,12,unionE5,0,15,0,4,11,0
8-noise:14,P0076,de,12,rrfE5,0,12,0,4,8,0
8-noise:15,unrestricted,de,5,fts,0,5,0,5,0,0
8-noise:15,unrestricted,de,5,currentMiniLM,0,5,0,0,5,0
8-noise:15,unrestricted,de,5,rebuiltMiniLM,0,5,0,0,5,0
8-noise:15,unrestricted,de,5,e5CurrentKinds,0,5,0,0,5,0
8-noise:15,unrestricted,de,5,e5,0,5,0,0,5,0
8-noise:15,unrestricted,de,5,unionCurrentMiniLM,0,10,0,5,5,0
8-noise:15,unrestricted,de,5,unionRebuiltMiniLM,0,10,0,5,5,0
8-noise:15,unrestricted,de,5,unionE5,0,10,0,5,5,0
8-noise:15,unrestricted,de,5,rrfE5,0,5,0,3,2,0
8-noise:15,unrestricted,de,12,fts,0,12,0,12,0,0
8-noise:15,unrestricted,de,12,currentMiniLM,0,12,0,0,12,0
8-noise:15,unrestricted,de,12,rebuiltMiniLM,0,12,0,0,12,0
8-noise:15,unrestricted,de,12,e5CurrentKinds,0,12,0,0,12,0
8-noise:15,unrestricted,de,12,e5,0,12,0,0,12,0
8-noise:15,unrestricted,de,12,unionCurrentMiniLM,0,24,0,12,12,0
8-noise:15,unrestricted,de,12,unionRebuiltMiniLM,0,24,0,12,12,0
8-noise:15,unrestricted,de,12,unionE5,0,24,0,12,12,0
8-noise:15,unrestricted,de,12,rrfE5,0,12,0,6,6,0
8-noise:16,P0073,de,5,fts,0,5,0,5,0,0
8-noise:16,P0073,de,5,currentMiniLM,0,5,0,0,5,0
8-noise:16,P0073,de,5,rebuiltMiniLM,0,5,0,1,4,0
8-noise:16,P0073,de,5,e5CurrentKinds,0,5,0,2,3,0
8-noise:16,P0073,de,5,e5,0,5,0,3,2,0
8-noise:16,P0073,de,5,unionCurrentMiniLM,0,10,0,5,5,0
8-noise:16,P0073,de,5,unionRebuiltMiniLM,0,10,0,6,4,0
8-noise:16,P0073,de,5,unionE5,0,10,0,8,2,0
8-noise:16,P0073,de,5,rrfE5,0,5,0,4,1,0
8-noise:16,P0073,de,12,fts,0,10,0,10,0,0
8-noise:16,P0073,de,12,currentMiniLM,0,12,0,1,11,0
8-noise:16,P0073,de,12,rebuiltMiniLM,0,12,0,1,11,0
8-noise:16,P0073,de,12,e5CurrentKinds,0,12,0,4,8,0
8-noise:16,P0073,de,12,e5,0,12,0,3,9,0
8-noise:16,P0073,de,12,unionCurrentMiniLM,0,21,0,10,11,0
8-noise:16,P0073,de,12,unionRebuiltMiniLM,0,21,0,10,11,0
8-noise:16,P0073,de,12,unionE5,0,19,0,10,9,0
8-noise:16,P0073,de,12,rrfE5,0,12,0,9,3,0
8-noise:17,P0063,de,5,fts,0,5,0,5,0,0
8-noise:17,P0063,de,5,currentMiniLM,0,5,0,2,3,0
8-noise:17,P0063,de,5,rebuiltMiniLM,0,5,0,1,4,0
8-noise:17,P0063,de,5,e5CurrentKinds,0,5,0,1,4,0
8-noise:17,P0063,de,5,e5,0,5,0,0,5,0
8-noise:17,P0063,de,5,unionCurrentMiniLM,0,8,0,5,3,0
8-noise:17,P0063,de,5,unionRebuiltMiniLM,0,9,0,5,4,0
8-noise:17,P0063,de,5,unionE5,0,10,0,5,5,0
8-noise:17,P0063,de,5,rrfE5,0,5,0,3,2,0
8-noise:17,P0063,de,12,fts,0,12,0,12,0,0
8-noise:17,P0063,de,12,currentMiniLM,0,12,0,2,10,0
8-noise:17,P0063,de,12,rebuiltMiniLM,0,12,0,2,10,0
8-noise:17,P0063,de,12,e5CurrentKinds,0,12,0,2,10,0
8-noise:17,P0063,de,12,e5,0,12,0,3,9,0
8-noise:17,P0063,de,12,unionCurrentMiniLM,0,22,0,12,10,0
8-noise:17,P0063,de,12,unionRebuiltMiniLM,0,22,0,12,10,0
8-noise:17,P0063,de,12,unionE5,0,21,0,12,9,0
8-noise:17,P0063,de,12,rrfE5,0,12,0,7,5,0
8-noise:18,P0063,en,5,fts,0,5,0,5,0,0
8-noise:18,P0063,en,5,currentMiniLM,0,5,0,0,5,0
8-noise:18,P0063,en,5,rebuiltMiniLM,0,5,0,0,5,0
8-noise:18,P0063,en,5,e5CurrentKinds,0,5,0,1,4,0
8-noise:18,P0063,en,5,e5,0,5,0,0,5,0
8-noise:18,P0063,en,5,unionCurrentMiniLM,0,10,0,5,5,0
8-noise:18,P0063,en,5,unionRebuiltMiniLM,0,10,0,5,5,0
8-noise:18,P0063,en,5,unionE5,0,10,0,5,5,0
8-noise:18,P0063,en,5,rrfE5,0,5,0,3,2,0
8-noise:18,P0063,en,12,fts,0,12,0,12,0,0
8-noise:18,P0063,en,12,currentMiniLM,0,12,0,0,12,0
8-noise:18,P0063,en,12,rebuiltMiniLM,0,12,0,0,12,0
8-noise:18,P0063,en,12,e5CurrentKinds,0,12,0,1,11,0
8-noise:18,P0063,en,12,e5,0,12,0,0,12,0
8-noise:18,P0063,en,12,unionCurrentMiniLM,0,24,0,12,12,0
8-noise:18,P0063,en,12,unionRebuiltMiniLM,0,24,0,12,12,0
8-noise:18,P0063,en,12,unionE5,0,24,0,12,12,0
8-noise:18,P0063,en,12,rrfE5,0,12,0,6,6,0
8-noise:19,P0076,de,5,fts,4,5,2,3,0,0
8-noise:19,P0076,de,5,currentMiniLM,4,5,0,0,5,0
8-noise:19,P0076,de,5,rebuiltMiniLM,4,5,1,2,2,0
8-noise:19,P0076,de,5,e5CurrentKinds,4,5,1,1,3,1
8-noise:19,P0076,de,5,e5,4,5,1,0,4,0
8-noise:19,P0076,de,5,unionCurrentMiniLM,4,10,2,3,5,0
8-noise:19,P0076,de,5,unionRebuiltMiniLM,4,8,2,4,2,0
8-noise:19,P0076,de,5,unionE5,4,9,2,3,4,0
8-noise:19,P0076,de,5,rrfE5,4,5,2,2,1,0
8-noise:19,P0076,de,12,fts,4,12,4,8,0,0
8-noise:19,P0076,de,12,currentMiniLM,4,12,1,1,10,0
8-noise:19,P0076,de,12,rebuiltMiniLM,4,12,1,3,8,0
8-noise:19,P0076,de,12,e5CurrentKinds,4,12,2,1,9,0
8-noise:19,P0076,de,12,e5,4,12,2,3,7,0
8-noise:19,P0076,de,12,unionCurrentMiniLM,4,22,4,8,10,0
8-noise:19,P0076,de,12,unionRebuiltMiniLM,4,20,4,8,8,0
8-noise:19,P0076,de,12,unionE5,4,19,4,8,7,0
8-noise:19,P0076,de,12,rrfE5,4,12,3,5,4,0
8-noise:20,unrestricted,de,5,fts,0,5,0,5,0,0
8-noise:20,unrestricted,de,5,currentMiniLM,0,5,0,1,4,0
8-noise:20,unrestricted,de,5,rebuiltMiniLM,0,5,0,1,4,0
8-noise:20,unrestricted,de,5,e5CurrentKinds,0,5,0,1,4,0
8-noise:20,unrestricted,de,5,e5,0,5,0,1,4,0
8-noise:20,unrestricted,de,5,unionCurrentMiniLM,0,9,0,5,4,0
8-noise:20,unrestricted,de,5,unionRebuiltMiniLM,0,9,0,5,4,0
8-noise:20,unrestricted,de,5,unionE5,0,9,0,5,4,0
8-noise:20,unrestricted,de,5,rrfE5,0,5,0,3,2,0
8-noise:20,unrestricted,de,12,fts,0,12,0,12,0,0
8-noise:20,unrestricted,de,12,currentMiniLM,0,12,0,1,11,0
8-noise:20,unrestricted,de,12,rebuiltMiniLM,0,12,0,1,11,0
8-noise:20,unrestricted,de,12,e5CurrentKinds,0,12,0,1,11,0
8-noise:20,unrestricted,de,12,e5,0,12,0,1,11,0
8-noise:20,unrestricted,de,12,unionCurrentMiniLM,0,23,0,12,11,0
8-noise:20,unrestricted,de,12,unionRebuiltMiniLM,0,23,0,12,11,0
8-noise:20,unrestricted,de,12,unionE5,0,23,0,12,11,0
8-noise:20,unrestricted,de,12,rrfE5,0,12,0,7,5,0
8-noise:21,P0073,de,5,fts,1,2,1,1,0,0
8-noise:21,P0073,de,5,currentMiniLM,1,5,0,0,5,0
8-noise:21,P0073,de,5,rebuiltMiniLM,1,5,0,0,5,0
8-noise:21,P0073,de,5,e5CurrentKinds,1,5,0,0,5,0
8-noise:21,P0073,de,5,e5,1,5,0,0,5,0
8-noise:21,P0073,de,5,unionCurrentMiniLM,1,7,1,1,5,0
8-noise:21,P0073,de,5,unionRebuiltMiniLM,1,7,1,1,5,0
8-noise:21,P0073,de,5,unionE5,1,7,1,1,5,0
8-noise:21,P0073,de,5,rrfE5,1,5,1,1,3,0
8-noise:21,P0073,de,12,fts,1,2,1,1,0,0
8-noise:21,P0073,de,12,currentMiniLM,1,12,0,0,12,0
8-noise:21,P0073,de,12,rebuiltMiniLM,1,12,0,0,12,0
8-noise:21,P0073,de,12,e5CurrentKinds,1,12,0,0,12,0
8-noise:21,P0073,de,12,e5,1,12,0,0,12,0
8-noise:21,P0073,de,12,unionCurrentMiniLM,1,14,1,1,12,0
8-noise:21,P0073,de,12,unionRebuiltMiniLM,1,14,1,1,12,0
8-noise:21,P0073,de,12,unionE5,1,14,1,1,12,0
8-noise:21,P0073,de,12,rrfE5,1,12,1,1,10,0
8-noise:22,P0063,de,5,fts,0,5,0,5,0,0
8-noise:22,P0063,de,5,currentMiniLM,0,5,0,1,4,0
8-noise:22,P0063,de,5,rebuiltMiniLM,0,5,0,0,5,0
8-noise:22,P0063,de,5,e5CurrentKinds,0,5,0,0,5,0
8-noise:22,P0063,de,5,e5,0,5,0,1,4,0
8-noise:22,P0063,de,5,unionCurrentMiniLM,0,9,0,5,4,0
8-noise:22,P0063,de,5,unionRebuiltMiniLM,0,10,0,5,5,0
8-noise:22,P0063,de,5,unionE5,0,10,0,6,4,0
8-noise:22,P0063,de,5,rrfE5,0,5,0,3,2,0
8-noise:22,P0063,de,12,fts,0,12,0,12,0,0
8-noise:22,P0063,de,12,currentMiniLM,0,12,0,1,11,0
8-noise:22,P0063,de,12,rebuiltMiniLM,0,12,0,1,11,0
8-noise:22,P0063,de,12,e5CurrentKinds,0,12,0,0,12,0
8-noise:22,P0063,de,12,e5,0,12,0,1,11,0
8-noise:22,P0063,de,12,unionCurrentMiniLM,0,23,0,12,11,0
8-noise:22,P0063,de,12,unionRebuiltMiniLM,0,23,0,12,11,0
8-noise:22,P0063,de,12,unionE5,0,23,0,12,11,0
8-noise:22,P0063,de,12,rrfE5,0,12,0,7,5,0
8-noise:23,P0063,en,5,fts,0,5,0,5,0,0
8-noise:23,P0063,en,5,currentMiniLM,0,5,0,0,5,0
8-noise:23,P0063,en,5,rebuiltMiniLM,0,5,0,0,5,0
8-noise:23,P0063,en,5,e5CurrentKinds,0,5,0,1,4,0
8-noise:23,P0063,en,5,e5,0,5,0,0,5,0
8-noise:23,P0063,en,5,unionCurrentMiniLM,0,10,0,5,5,0
8-noise:23,P0063,en,5,unionRebuiltMiniLM,0,10,0,5,5,0
8-noise:23,P0063,en,5,unionE5,0,10,0,5,5,0
8-noise:23,P0063,en,5,rrfE5,0,5,0,3,2,0
8-noise:23,P0063,en,12,fts,0,12,0,12,0,0
8-noise:23,P0063,en,12,currentMiniLM,0,12,0,1,11,0
8-noise:23,P0063,en,12,rebuiltMiniLM,0,12,0,0,12,0
8-noise:23,P0063,en,12,e5CurrentKinds,0,12,0,3,9,0
8-noise:23,P0063,en,12,e5,0,12,0,0,12,0
8-noise:23,P0063,en,12,unionCurrentMiniLM,0,23,0,12,11,0
8-noise:23,P0063,en,12,unionRebuiltMiniLM,0,24,0,12,12,0
8-noise:23,P0063,en,12,unionE5,0,24,0,12,12,0
8-noise:23,P0063,en,12,rrfE5,0,12,0,6,6,0
8-noise:24,P0076,de,5,fts,6,5,5,0,0,0
8-noise:24,P0076,de,5,currentMiniLM,6,5,2,1,2,0
8-noise:24,P0076,de,5,rebuiltMiniLM,6,5,2,0,3,0
8-noise:24,P0076,de,5,e5CurrentKinds,6,5,2,0,3,1
8-noise:24,P0076,de,5,e5,6,5,3,0,2,0
8-noise:24,P0076,de,5,unionCurrentMiniLM,6,8,5,1,2,0
8-noise:24,P0076,de,5,unionRebuiltMiniLM,6,8,5,0,3,0
8-noise:24,P0076,de,5,unionE5,6,7,5,0,2,0
8-noise:24,P0076,de,5,rrfE5,6,5,4,0,1,0
8-noise:24,P0076,de,12,fts,6,12,6,6,0,0
8-noise:24,P0076,de,12,currentMiniLM,6,12,3,1,8,0
8-noise:24,P0076,de,12,rebuiltMiniLM,6,12,3,1,8,0
8-noise:24,P0076,de,12,e5CurrentKinds,6,12,3,0,9,0
8-noise:24,P0076,de,12,e5,6,12,5,1,6,0
8-noise:24,P0076,de,12,unionCurrentMiniLM,6,20,6,6,8,0
8-noise:24,P0076,de,12,unionRebuiltMiniLM,6,20,6,6,8,0
8-noise:24,P0076,de,12,unionE5,6,18,6,6,6,0
8-noise:24,P0076,de,12,rrfE5,6,12,6,3,3,0
8-noise:25,P0073,de,5,fts,4,5,2,3,0,0
8-noise:25,P0073,de,5,currentMiniLM,4,5,0,0,5,0
8-noise:25,P0073,de,5,rebuiltMiniLM,4,5,0,1,4,0
8-noise:25,P0073,de,5,e5CurrentKinds,4,5,0,0,5,0
8-noise:25,P0073,de,5,e5,4,5,1,1,3,1
8-noise:25,P0073,de,5,unionCurrentMiniLM,4,10,2,3,5,0
8-noise:25,P0073,de,5,unionRebuiltMiniLM,4,10,2,4,4,0
8-noise:25,P0073,de,5,unionE5,4,10,3,4,3,1
8-noise:25,P0073,de,5,rrfE5,4,5,2,2,1,1
8-noise:25,P0073,de,12,fts,4,12,4,7,1,0
8-noise:25,P0073,de,12,currentMiniLM,4,12,0,0,12,0
8-noise:25,P0073,de,12,rebuiltMiniLM,4,12,1,1,10,0
8-noise:25,P0073,de,12,e5CurrentKinds,4,12,0,1,11,0
8-noise:25,P0073,de,12,e5,4,12,1,2,9,0
8-noise:25,P0073,de,12,unionCurrentMiniLM,4,24,4,7,13,0
8-noise:25,P0073,de,12,unionRebuiltMiniLM,4,22,4,7,11,0
8-noise:25,P0073,de,12,unionE5,4,21,4,7,10,0
8-noise:25,P0073,de,12,rrfE5,4,12,4,5,3,0
8-noise:26,P0063,de,5,fts,4,5,3,2,0,0
8-noise:26,P0063,de,5,currentMiniLM,4,5,0,0,5,0
8-noise:26,P0063,de,5,rebuiltMiniLM,4,5,0,2,3,0
8-noise:26,P0063,de,5,e5CurrentKinds,4,5,0,0,5,0
8-noise:26,P0063,de,5,e5,4,5,1,0,4,0
8-noise:26,P0063,de,5,unionCurrentMiniLM,4,10,3,2,5,0
8-noise:26,P0063,de,5,unionRebuiltMiniLM,4,9,3,3,3,0
8-noise:26,P0063,de,5,unionE5,4,9,3,2,4,0
8-noise:26,P0063,de,5,rrfE5,4,5,1,2,2,0
8-noise:26,P0063,de,12,fts,4,12,4,8,0,0
8-noise:26,P0063,de,12,currentMiniLM,4,12,0,0,12,0
8-noise:26,P0063,de,12,rebuiltMiniLM,4,12,1,3,8,0
8-noise:26,P0063,de,12,e5CurrentKinds,4,12,0,2,10,0
8-noise:26,P0063,de,12,e5,4,12,1,0,11,0
8-noise:26,P0063,de,12,unionCurrentMiniLM,4,24,4,8,12,0
8-noise:26,P0063,de,12,unionRebuiltMiniLM,4,20,4,8,8,0
8-noise:26,P0063,de,12,unionE5,4,23,4,8,11,0
8-noise:26,P0063,de,12,rrfE5,4,12,3,4,5,0
8-noise:27,P0063,en,5,fts,0,5,0,5,0,0
8-noise:27,P0063,en,5,currentMiniLM,0,5,0,0,5,0
8-noise:27,P0063,en,5,rebuiltMiniLM,0,5,0,1,4,0
8-noise:27,P0063,en,5,e5CurrentKinds,0,5,0,0,5,0
8-noise:27,P0063,en,5,e5,0,5,0,1,4,0
8-noise:27,P0063,en,5,unionCurrentMiniLM,0,10,0,5,5,0
8-noise:27,P0063,en,5,unionRebuiltMiniLM,0,10,0,6,4,0
8-noise:27,P0063,en,5,unionE5,0,10,0,6,4,0
8-noise:27,P0063,en,5,rrfE5,0,5,0,3,2,0
8-noise:27,P0063,en,12,fts,0,12,0,12,0,0
8-noise:27,P0063,en,12,currentMiniLM,0,12,0,0,12,0
8-noise:27,P0063,en,12,rebuiltMiniLM,0,12,0,1,11,0
8-noise:27,P0063,en,12,e5CurrentKinds,0,12,0,0,12,0
8-noise:27,P0063,en,12,e5,0,12,0,1,11,0
8-noise:27,P0063,en,12,unionCurrentMiniLM,0,24,0,12,12,0
8-noise:27,P0063,en,12,unionRebuiltMiniLM,0,23,0,12,11,0
8-noise:27,P0063,en,12,unionE5,0,23,0,12,11,0
8-noise:27,P0063,en,12,rrfE5,0,12,0,7,5,0
8-noise:28,P0076,de,5,fts,0,1,0,1,0,0
8-noise:28,P0076,de,5,currentMiniLM,0,5,0,0,5,0
8-noise:28,P0076,de,5,rebuiltMiniLM,0,5,0,0,5,0
8-noise:28,P0076,de,5,e5CurrentKinds,0,5,0,0,5,0
8-noise:28,P0076,de,5,e5,0,5,0,0,5,0
8-noise:28,P0076,de,5,unionCurrentMiniLM,0,6,0,1,5,0
8-noise:28,P0076,de,5,unionRebuiltMiniLM,0,6,0,1,5,0
8-noise:28,P0076,de,5,unionE5,0,6,0,1,5,0
8-noise:28,P0076,de,5,rrfE5,0,5,0,1,4,0
8-noise:28,P0076,de,12,fts,0,1,0,1,0,0
8-noise:28,P0076,de,12,currentMiniLM,0,12,0,0,12,0
8-noise:28,P0076,de,12,rebuiltMiniLM,0,12,0,0,12,0
8-noise:28,P0076,de,12,e5CurrentKinds,0,12,0,0,12,0
8-noise:28,P0076,de,12,e5,0,12,0,0,12,0
8-noise:28,P0076,de,12,unionCurrentMiniLM,0,13,0,1,12,0
8-noise:28,P0076,de,12,unionRebuiltMiniLM,0,13,0,1,12,0
8-noise:28,P0076,de,12,unionE5,0,13,0,1,12,0
8-noise:28,P0076,de,12,rrfE5,0,12,0,1,11,0
8-noise:29,P0073,de,5,fts,1,5,1,4,0,0
8-noise:29,P0073,de,5,currentMiniLM,1,5,0,1,4,0
8-noise:29,P0073,de,5,rebuiltMiniLM,1,5,0,1,4,0
8-noise:29,P0073,de,5,e5CurrentKinds,1,5,0,2,3,0
8-noise:29,P0073,de,5,e5,1,5,0,0,5,0
8-noise:29,P0073,de,5,unionCurrentMiniLM,1,10,1,5,4,0
8-noise:29,P0073,de,5,unionRebuiltMiniLM,1,10,1,5,4,0
8-noise:29,P0073,de,5,unionE5,1,10,1,4,5,0
8-noise:29,P0073,de,5,rrfE5,1,5,1,2,2,0
8-noise:29,P0073,de,12,fts,1,12,1,11,0,0
8-noise:29,P0073,de,12,currentMiniLM,1,12,0,3,9,0
8-noise:29,P0073,de,12,rebuiltMiniLM,1,12,0,3,9,0
8-noise:29,P0073,de,12,e5CurrentKinds,1,12,0,3,9,0
8-noise:29,P0073,de,12,e5,1,12,0,3,9,0
8-noise:29,P0073,de,12,unionCurrentMiniLM,1,21,1,11,9,0
8-noise:29,P0073,de,12,unionRebuiltMiniLM,1,21,1,11,9,0
8-noise:29,P0073,de,12,unionE5,1,21,1,11,9,0
8-noise:29,P0073,de,12,rrfE5,1,12,1,6,5,0
8-noise:30,P0063,de,5,fts,0,5,0,5,0,0
8-noise:30,P0063,de,5,currentMiniLM,0,5,0,0,5,0
8-noise:30,P0063,de,5,rebuiltMiniLM,0,5,0,0,5,0
8-noise:30,P0063,de,5,e5CurrentKinds,0,5,0,0,5,0
8-noise:30,P0063,de,5,e5,0,5,0,0,5,0
8-noise:30,P0063,de,5,unionCurrentMiniLM,0,10,0,5,5,0
8-noise:30,P0063,de,5,unionRebuiltMiniLM,0,10,0,5,5,0
8-noise:30,P0063,de,5,unionE5,0,10,0,5,5,0
8-noise:30,P0063,de,5,rrfE5,0,5,0,3,2,0
8-noise:30,P0063,de,12,fts,0,12,0,12,0,0
8-noise:30,P0063,de,12,currentMiniLM,0,12,0,0,12,0
8-noise:30,P0063,de,12,rebuiltMiniLM,0,12,0,1,11,0
8-noise:30,P0063,de,12,e5CurrentKinds,0,12,0,0,12,0
8-noise:30,P0063,de,12,e5,0,12,0,0,12,0
8-noise:30,P0063,de,12,unionCurrentMiniLM,0,24,0,12,12,0
8-noise:30,P0063,de,12,unionRebuiltMiniLM,0,23,0,12,11,0
8-noise:30,P0063,de,12,unionE5,0,24,0,12,12,0
8-noise:30,P0063,de,12,rrfE5,0,12,0,6,6,0
8-noise:31,P0063,en,5,fts,0,5,0,5,0,0
8-noise:31,P0063,en,5,currentMiniLM,0,5,0,1,4,0
8-noise:31,P0063,en,5,rebuiltMiniLM,0,5,0,1,4,0
8-noise:31,P0063,en,5,e5CurrentKinds,0,5,0,1,4,0
8-noise:31,P0063,en,5,e5,0,5,0,0,5,0
8-noise:31,P0063,en,5,unionCurrentMiniLM,0,9,0,5,4,0
8-noise:31,P0063,en,5,unionRebuiltMiniLM,0,9,0,5,4,0
8-noise:31,P0063,en,5,unionE5,0,10,0,5,5,0
8-noise:31,P0063,en,5,rrfE5,0,5,0,3,2,0
8-noise:31,P0063,en,12,fts,0,12,0,12,0,0
8-noise:31,P0063,en,12,currentMiniLM,0,12,0,1,11,0
8-noise:31,P0063,en,12,rebuiltMiniLM,0,12,0,1,11,0
8-noise:31,P0063,en,12,e5CurrentKinds,0,12,0,1,11,0
8-noise:31,P0063,en,12,e5,0,12,0,2,10,0
8-noise:31,P0063,en,12,unionCurrentMiniLM,0,23,0,12,11,0
8-noise:31,P0063,en,12,unionRebuiltMiniLM,0,23,0,12,11,0
8-noise:31,P0063,en,12,unionE5,0,22,0,12,10,0
8-noise:31,P0063,en,12,rrfE5,0,12,0,7,5,0
8-noise:32,P0076,de,5,fts,1,5,1,4,0,0
8-noise:32,P0076,de,5,currentMiniLM,1,5,0,5,0,0
8-noise:32,P0076,de,5,rebuiltMiniLM,1,5,0,0,5,0
8-noise:32,P0076,de,5,e5CurrentKinds,1,5,0,1,4,0
8-noise:32,P0076,de,5,e5,1,5,0,1,4,0
8-noise:32,P0076,de,5,unionCurrentMiniLM,1,8,1,7,0,0
8-noise:32,P0076,de,5,unionRebuiltMiniLM,1,10,1,4,5,0
8-noise:32,P0076,de,5,unionE5,1,9,1,4,4,0
8-noise:32,P0076,de,5,rrfE5,1,5,0,3,2,0
8-noise:32,P0076,de,12,fts,1,11,1,10,0,0
8-noise:32,P0076,de,12,currentMiniLM,1,12,1,5,6,0
8-noise:32,P0076,de,12,rebuiltMiniLM,1,12,0,2,10,0
8-noise:32,P0076,de,12,e5CurrentKinds,1,12,1,4,7,0
8-noise:32,P0076,de,12,e5,1,12,0,2,10,0
8-noise:32,P0076,de,12,unionCurrentMiniLM,1,17,1,10,6,0
8-noise:32,P0076,de,12,unionRebuiltMiniLM,1,21,1,10,10,0
8-noise:32,P0076,de,12,unionE5,1,21,1,10,10,0
8-noise:32,P0076,de,12,rrfE5,1,12,1,6,5,0
8-noise:33,P0073,de,5,fts,4,5,2,3,0,0
8-noise:33,P0073,de,5,currentMiniLM,4,5,0,0,5,0
8-noise:33,P0073,de,5,rebuiltMiniLM,4,5,0,1,4,0
8-noise:33,P0073,de,5,e5CurrentKinds,4,5,0,1,4,0
8-noise:33,P0073,de,5,e5,4,5,1,0,4,1
8-noise:33,P0073,de,5,unionCurrentMiniLM,4,10,2,3,5,0
8-noise:33,P0073,de,5,unionRebuiltMiniLM,4,9,2,3,4,0
8-noise:33,P0073,de,5,unionE5,4,10,3,3,4,1
8-noise:33,P0073,de,5,rrfE5,4,5,1,2,2,0
8-noise:33,P0073,de,12,fts,4,8,4,4,0,0
8-noise:33,P0073,de,12,currentMiniLM,4,12,1,0,11,0
8-noise:33,P0073,de,12,rebuiltMiniLM,4,12,0,1,11,0
8-noise:33,P0073,de,12,e5CurrentKinds,4,12,1,1,10,0
8-noise:33,P0073,de,12,e5,4,12,1,1,10,0
8-noise:33,P0073,de,12,unionCurrentMiniLM,4,19,4,4,11,0
8-noise:33,P0073,de,12,unionRebuiltMiniLM,4,19,4,4,11,0
8-noise:33,P0073,de,12,unionE5,4,18,4,4,10,0
8-noise:33,P0073,de,12,rrfE5,4,12,3,4,5,0
8-noise:34,P0063,de,5,fts,0,5,0,5,0,0
8-noise:34,P0063,de,5,currentMiniLM,0,5,0,0,5,0
8-noise:34,P0063,de,5,rebuiltMiniLM,0,5,0,1,4,0
8-noise:34,P0063,de,5,e5CurrentKinds,0,5,0,0,5,0
8-noise:34,P0063,de,5,e5,0,5,0,0,5,0
8-noise:34,P0063,de,5,unionCurrentMiniLM,0,10,0,5,5,0
8-noise:34,P0063,de,5,unionRebuiltMiniLM,0,9,0,5,4,0
8-noise:34,P0063,de,5,unionE5,0,10,0,5,5,0
8-noise:34,P0063,de,5,rrfE5,0,5,0,3,2,0
8-noise:34,P0063,de,12,fts,0,9,0,9,0,0
8-noise:34,P0063,de,12,currentMiniLM,0,12,0,0,12,0
8-noise:34,P0063,de,12,rebuiltMiniLM,0,12,0,1,11,0
8-noise:34,P0063,de,12,e5CurrentKinds,0,12,0,0,12,0
8-noise:34,P0063,de,12,e5,0,12,0,0,12,0
8-noise:34,P0063,de,12,unionCurrentMiniLM,0,21,0,9,12,0
8-noise:34,P0063,de,12,unionRebuiltMiniLM,0,20,0,9,11,0
8-noise:34,P0063,de,12,unionE5,0,21,0,9,12,0
8-noise:34,P0063,de,12,rrfE5,0,12,0,6,6,0
8-noise:35,P0076,de,5,fts,0,5,0,5,0,0
8-noise:35,P0076,de,5,currentMiniLM,0,5,0,1,4,0
8-noise:35,P0076,de,5,rebuiltMiniLM,0,5,0,1,4,0
8-noise:35,P0076,de,5,e5CurrentKinds,0,5,0,2,3,0
8-noise:35,P0076,de,5,e5,0,5,0,3,2,0
8-noise:35,P0076,de,5,unionCurrentMiniLM,0,10,0,6,4,0
8-noise:35,P0076,de,5,unionRebuiltMiniLM,0,10,0,6,4,0
8-noise:35,P0076,de,5,unionE5,0,9,0,7,2,0
8-noise:35,P0076,de,5,rrfE5,0,5,0,4,1,0
8-noise:35,P0076,de,12,fts,0,12,0,12,0,0
8-noise:35,P0076,de,12,currentMiniLM,0,12,0,2,10,0
8-noise:35,P0076,de,12,rebuiltMiniLM,0,12,0,3,9,0
8-noise:35,P0076,de,12,e5CurrentKinds,0,12,0,2,10,0
8-noise:35,P0076,de,12,e5,0,12,0,7,5,0
8-noise:35,P0076,de,12,unionCurrentMiniLM,0,22,0,12,10,0
8-noise:35,P0076,de,12,unionRebuiltMiniLM,0,21,0,12,9,0
8-noise:35,P0076,de,12,unionE5,0,17,0,12,5,0
8-noise:35,P0076,de,12,rrfE5,0,12,0,10,2,0
8-noise:36,P0073,de,5,fts,3,5,1,4,0,0
8-noise:36,P0073,de,5,currentMiniLM,3,5,1,0,4,1
8-noise:36,P0073,de,5,rebuiltMiniLM,3,5,0,1,4,0
8-noise:36,P0073,de,5,e5CurrentKinds,3,5,0,0,5,0
8-noise:36,P0073,de,5,e5,3,5,0,1,4,0
8-noise:36,P0073,de,5,unionCurrentMiniLM,3,10,2,4,4,1
8-noise:36,P0073,de,5,unionRebuiltMiniLM,3,10,1,5,4,0
8-noise:36,P0073,de,5,unionE5,3,10,1,5,4,0
8-noise:36,P0073,de,5,rrfE5,3,5,1,2,2,0
8-noise:36,P0073,de,12,fts,3,12,3,9,0,0
8-noise:36,P0073,de,12,currentMiniLM,3,12,1,1,10,0
8-noise:36,P0073,de,12,rebuiltMiniLM,3,12,1,1,10,0
8-noise:36,P0073,de,12,e5CurrentKinds,3,12,1,0,11,0
8-noise:36,P0073,de,12,e5,3,12,0,1,11,0
8-noise:36,P0073,de,12,unionCurrentMiniLM,3,22,3,9,10,0
8-noise:36,P0073,de,12,unionRebuiltMiniLM,3,22,3,9,10,0
8-noise:36,P0073,de,12,unionE5,3,23,3,9,11,0
8-noise:36,P0073,de,12,rrfE5,3,12,1,6,5,0
8-noise:37,P0063,de,5,fts,6,5,4,1,0,0
8-noise:37,P0063,de,5,currentMiniLM,6,5,1,1,3,1
8-noise:37,P0063,de,5,rebuiltMiniLM,6,5,0,0,5,0
8-noise:37,P0063,de,5,e5CurrentKinds,6,5,3,0,2,1
8-noise:37,P0063,de,5,e5,6,5,1,0,4,1
8-noise:37,P0063,de,5,unionCurrentMiniLM,6,10,5,2,3,1
8-noise:37,P0063,de,5,unionRebuiltMiniLM,6,10,4,1,5,0
8-noise:37,P0063,de,5,unionE5,6,10,5,1,4,1
8-noise:37,P0063,de,5,rrfE5,6,5,3,0,2,0
8-noise:37,P0063,de,12,fts,6,12,6,6,0,0
8-noise:37,P0063,de,12,currentMiniLM,6,12,2,1,9,0
8-noise:37,P0063,de,12,rebuiltMiniLM,6,12,1,0,11,0
8-noise:37,P0063,de,12,e5CurrentKinds,6,12,3,0,9,0
8-noise:37,P0063,de,12,e5,6,12,3,0,9,0
8-noise:37,P0063,de,12,unionCurrentMiniLM,6,21,6,6,9,0
8-noise:37,P0063,de,12,unionRebuiltMiniLM,6,23,6,6,11,0
8-noise:37,P0063,de,12,unionE5,6,21,6,6,9,0
8-noise:37,P0063,de,12,rrfE5,6,12,5,2,5,0
8-noise:38,P0076,de,5,fts,0,5,0,5,0,0
8-noise:38,P0076,de,5,currentMiniLM,0,5,0,0,5,0
8-noise:38,P0076,de,5,rebuiltMiniLM,0,5,0,1,4,0
8-noise:38,P0076,de,5,e5CurrentKinds,0,5,0,0,5,0
8-noise:38,P0076,de,5,e5,0,5,0,0,5,0
8-noise:38,P0076,de,5,unionCurrentMiniLM,0,10,0,5,5,0
8-noise:38,P0076,de,5,unionRebuiltMiniLM,0,10,0,6,4,0
8-noise:38,P0076,de,5,unionE5,0,10,0,5,5,0
8-noise:38,P0076,de,5,rrfE5,0,5,0,3,2,0
8-noise:38,P0076,de,12,fts,0,8,0,8,0,0
8-noise:38,P0076,de,12,currentMiniLM,0,12,0,1,11,0
8-noise:38,P0076,de,12,rebuiltMiniLM,0,12,0,1,11,0
8-noise:38,P0076,de,12,e5CurrentKinds,0,12,0,0,12,0
8-noise:38,P0076,de,12,e5,0,12,0,1,11,0
8-noise:38,P0076,de,12,unionCurrentMiniLM,0,19,0,8,11,0
8-noise:38,P0076,de,12,unionRebuiltMiniLM,0,19,0,8,11,0
8-noise:38,P0076,de,12,unionE5,0,19,0,8,11,0
8-noise:38,P0076,de,12,rrfE5,0,12,0,6,6,0
8-noise:39,P0073,de,5,fts,1,5,1,4,0,0
8-noise:39,P0073,de,5,currentMiniLM,1,5,0,1,4,0
8-noise:39,P0073,de,5,rebuiltMiniLM,1,5,0,2,3,0
8-noise:39,P0073,de,5,e5CurrentKinds,1,5,0,1,4,0
8-noise:39,P0073,de,5,e5,1,5,0,1,4,0
8-noise:39,P0073,de,5,unionCurrentMiniLM,1,10,1,5,4,0
8-noise:39,P0073,de,5,unionRebuiltMiniLM,1,10,1,6,3,0
8-noise:39,P0073,de,5,unionE5,1,10,1,5,4,0
8-noise:39,P0073,de,5,rrfE5,1,5,1,3,1,0
8-noise:39,P0073,de,12,fts,1,12,1,11,0,0
8-noise:39,P0073,de,12,currentMiniLM,1,12,0,1,11,0
8-noise:39,P0073,de,12,rebuiltMiniLM,1,12,0,4,8,0
8-noise:39,P0073,de,12,e5CurrentKinds,1,12,0,1,11,0
8-noise:39,P0073,de,12,e5,1,12,0,1,11,0
8-noise:39,P0073,de,12,unionCurrentMiniLM,1,23,1,11,11,0
8-noise:39,P0073,de,12,unionRebuiltMiniLM,1,20,1,11,8,0
8-noise:39,P0073,de,12,unionE5,1,23,1,11,11,0
8-noise:39,P0073,de,12,rrfE5,1,12,1,6,5,0
8-noise:40,P0063,de,5,fts,0,2,0,2,0,0
8-noise:40,P0063,de,5,currentMiniLM,0,5,0,1,4,0
8-noise:40,P0063,de,5,rebuiltMiniLM,0,5,0,0,5,0
8-noise:40,P0063,de,5,e5CurrentKinds,0,5,0,0,5,0
8-noise:40,P0063,de,5,e5,0,5,0,0,5,0
8-noise:40,P0063,de,5,unionCurrentMiniLM,0,6,0,2,4,0
8-noise:40,P0063,de,5,unionRebuiltMiniLM,0,7,0,2,5,0
8-noise:40,P0063,de,5,unionE5,0,7,0,2,5,0
8-noise:40,P0063,de,5,rrfE5,0,5,0,2,3,0
8-noise:40,P0063,de,12,fts,0,2,0,2,0,0
8-noise:40,P0063,de,12,currentMiniLM,0,12,0,1,11,0
8-noise:40,P0063,de,12,rebuiltMiniLM,0,12,0,0,12,0
8-noise:40,P0063,de,12,e5CurrentKinds,0,12,0,0,12,0
8-noise:40,P0063,de,12,e5,0,12,0,0,12,0
8-noise:40,P0063,de,12,unionCurrentMiniLM,0,13,0,2,11,0
8-noise:40,P0063,de,12,unionRebuiltMiniLM,0,14,0,2,12,0
8-noise:40,P0063,de,12,unionE5,0,14,0,2,12,0
8-noise:40,P0063,de,12,rrfE5,0,12,0,2,10,0
8-noise:41,P0076,de,5,fts,2,5,2,3,0,0
8-noise:41,P0076,de,5,currentMiniLM,2,5,1,2,2,0
8-noise:41,P0076,de,5,rebuiltMiniLM,2,5,1,4,0,0
8-noise:41,P0076,de,5,e5CurrentKinds,2,5,1,2,2,0
8-noise:41,P0076,de,5,e5,2,5,1,3,1,0
8-noise:41,P0076,de,5,unionCurrentMiniLM,2,8,2,4,2,0
8-noise:41,P0076,de,5,unionRebuiltMiniLM,2,7,2,5,0,0
8-noise:41,P0076,de,5,unionE5,2,8,2,5,1,0
8-noise:41,P0076,de,5,rrfE5,2,5,1,4,0,0
8-noise:41,P0076,de,12,fts,2,12,2,10,0,0
8-noise:41,P0076,de,12,currentMiniLM,2,12,1,5,6,0
8-noise:41,P0076,de,12,rebuiltMiniLM,2,12,2,5,5,0
8-noise:41,P0076,de,12,e5CurrentKinds,2,12,1,4,7,0
8-noise:41,P0076,de,12,e5,2,12,2,6,4,0
8-noise:41,P0076,de,12,unionCurrentMiniLM,2,18,2,10,6,0
8-noise:41,P0076,de,12,unionRebuiltMiniLM,2,17,2,10,5,0
8-noise:41,P0076,de,12,unionE5,2,16,2,10,4,0
8-noise:41,P0076,de,12,rrfE5,2,12,2,8,2,0
8-noise:42,P0073,de,5,fts,0,2,0,2,0,0
8-noise:42,P0073,de,5,currentMiniLM,0,5,0,0,5,0
8-noise:42,P0073,de,5,rebuiltMiniLM,0,5,0,0,5,0
8-noise:42,P0073,de,5,e5CurrentKinds,0,5,0,1,4,0
8-noise:42,P0073,de,5,e5,0,5,0,0,5,0
8-noise:42,P0073,de,5,unionCurrentMiniLM,0,7,0,2,5,0
8-noise:42,P0073,de,5,unionRebuiltMiniLM,0,7,0,2,5,0
8-noise:42,P0073,de,5,unionE5,0,7,0,2,5,0
8-noise:42,P0073,de,5,rrfE5,0,5,0,2,3,0
8-noise:42,P0073,de,12,fts,0,2,0,2,0,0
8-noise:42,P0073,de,12,currentMiniLM,0,12,0,1,11,0
8-noise:42,P0073,de,12,rebuiltMiniLM,0,12,0,0,12,0
8-noise:42,P0073,de,12,e5CurrentKinds,0,12,0,2,10,0
8-noise:42,P0073,de,12,e5,0,12,0,0,12,0
8-noise:42,P0073,de,12,unionCurrentMiniLM,0,13,0,2,11,0
8-noise:42,P0073,de,12,unionRebuiltMiniLM,0,14,0,2,12,0
8-noise:42,P0073,de,12,unionE5,0,14,0,2,12,0
8-noise:42,P0073,de,12,rrfE5,0,12,0,2,10,0
8-noise:43,P0063,de,5,fts,3,5,1,4,0,0
8-noise:43,P0063,de,5,currentMiniLM,3,5,0,0,5,0
8-noise:43,P0063,de,5,rebuiltMiniLM,3,5,0,1,4,0
8-noise:43,P0063,de,5,e5CurrentKinds,3,5,0,0,5,0
8-noise:43,P0063,de,5,e5,3,5,0,0,5,0
8-noise:43,P0063,de,5,unionCurrentMiniLM,3,10,1,4,5,0
8-noise:43,P0063,de,5,unionRebuiltMiniLM,3,10,1,5,4,0
8-noise:43,P0063,de,5,unionE5,3,10,1,4,5,0
8-noise:43,P0063,de,5,rrfE5,3,5,1,2,2,0
8-noise:43,P0063,de,12,fts,3,12,3,9,0,0
8-noise:43,P0063,de,12,currentMiniLM,3,12,0,0,12,0
8-noise:43,P0063,de,12,rebuiltMiniLM,3,12,1,1,10,0
8-noise:43,P0063,de,12,e5CurrentKinds,3,12,0,0,12,0
8-noise:43,P0063,de,12,e5,3,12,0,1,11,0
8-noise:43,P0063,de,12,unionCurrentMiniLM,3,24,3,9,12,0
8-noise:43,P0063,de,12,unionRebuiltMiniLM,3,22,3,9,10,0
8-noise:43,P0063,de,12,unionE5,3,23,3,9,11,0
8-noise:43,P0063,de,12,rrfE5,3,12,1,5,6,0
8-noise:44,P0076,de,5,fts,0,5,0,5,0,0
8-noise:44,P0076,de,5,currentMiniLM,0,5,0,2,3,0
8-noise:44,P0076,de,5,rebuiltMiniLM,0,5,0,0,5,0
8-noise:44,P0076,de,5,e5CurrentKinds,0,5,0,2,3,0
8-noise:44,P0076,de,5,e5,0,5,0,2,3,0
8-noise:44,P0076,de,5,unionCurrentMiniLM,0,9,0,6,3,0
8-noise:44,P0076,de,5,unionRebuiltMiniLM,0,10,0,5,5,0
8-noise:44,P0076,de,5,unionE5,0,8,0,5,3,0
8-noise:44,P0076,de,5,rrfE5,0,5,0,3,2,0
8-noise:44,P0076,de,12,fts,0,12,0,12,0,0
8-noise:44,P0076,de,12,currentMiniLM,0,12,0,4,8,0
8-noise:44,P0076,de,12,rebuiltMiniLM,0,12,0,1,11,0
8-noise:44,P0076,de,12,e5CurrentKinds,0,12,0,3,9,0
8-noise:44,P0076,de,12,e5,0,12,0,3,9,0
8-noise:44,P0076,de,12,unionCurrentMiniLM,0,20,0,12,8,0
8-noise:44,P0076,de,12,unionRebuiltMiniLM,0,23,0,12,11,0
8-noise:44,P0076,de,12,unionE5,0,21,0,12,9,0
8-noise:44,P0076,de,12,rrfE5,0,12,0,8,4,0
8-noise:45,P0073,de,5,fts,0,5,0,5,0,0
8-noise:45,P0073,de,5,currentMiniLM,0,5,0,1,4,0
8-noise:45,P0073,de,5,rebuiltMiniLM,0,5,0,2,3,0
8-noise:45,P0073,de,5,e5CurrentKinds,0,5,0,1,4,0
8-noise:45,P0073,de,5,e5,0,5,0,2,3,0
8-noise:45,P0073,de,5,unionCurrentMiniLM,0,9,0,5,4,0
8-noise:45,P0073,de,5,unionRebuiltMiniLM,0,9,0,6,3,0
8-noise:45,P0073,de,5,unionE5,0,9,0,6,3,0
8-noise:45,P0073,de,5,rrfE5,0,5,0,4,1,0
8-noise:45,P0073,de,12,fts,0,12,0,12,0,0
8-noise:45,P0073,de,12,currentMiniLM,0,12,0,2,10,0
8-noise:45,P0073,de,12,rebuiltMiniLM,0,12,0,2,10,0
8-noise:45,P0073,de,12,e5CurrentKinds,0,12,0,1,11,0
8-noise:45,P0073,de,12,e5,0,12,0,2,10,0
8-noise:45,P0073,de,12,unionCurrentMiniLM,0,22,0,12,10,0
8-noise:45,P0073,de,12,unionRebuiltMiniLM,0,22,0,12,10,0
8-noise:45,P0073,de,12,unionE5,0,22,0,12,10,0
8-noise:45,P0073,de,12,rrfE5,0,12,0,8,4,0
8-noise:46,P0063,de,5,fts,3,5,1,4,0,0
8-noise:46,P0063,de,5,currentMiniLM,3,5,1,0,4,1
8-noise:46,P0063,de,5,rebuiltMiniLM,3,5,0,0,5,0
8-noise:46,P0063,de,5,e5CurrentKinds,3,5,2,1,2,1
8-noise:46,P0063,de,5,e5,3,5,2,1,2,1
8-noise:46,P0063,de,5,unionCurrentMiniLM,3,10,2,4,4,1
8-noise:46,P0063,de,5,unionRebuiltMiniLM,3,10,1,4,5,0
8-noise:46,P0063,de,5,unionE5,3,8,2,4,2,1
8-noise:46,P0063,de,5,rrfE5,3,5,2,3,0,1
8-noise:46,P0063,de,12,fts,3,12,3,9,0,0
8-noise:46,P0063,de,12,currentMiniLM,3,12,1,3,8,0
8-noise:46,P0063,de,12,rebuiltMiniLM,3,12,0,0,12,0
8-noise:46,P0063,de,12,e5CurrentKinds,3,12,2,1,9,0
8-noise:46,P0063,de,12,e5,3,12,3,1,8,0
8-noise:46,P0063,de,12,unionCurrentMiniLM,3,20,3,9,8,0
8-noise:46,P0063,de,12,unionRebuiltMiniLM,3,24,3,9,12,0
8-noise:46,P0063,de,12,unionE5,3,20,3,9,8,0
8-noise:46,P0063,de,12,rrfE5,3,12,3,6,3,0
8-noise:47,P0076,de,5,fts,0,5,0,5,0,0
8-noise:47,P0076,de,5,currentMiniLM,0,5,0,0,5,0
8-noise:47,P0076,de,5,rebuiltMiniLM,0,5,0,0,5,0
8-noise:47,P0076,de,5,e5CurrentKinds,0,5,0,0,5,0
8-noise:47,P0076,de,5,e5,0,5,0,1,4,0
8-noise:47,P0076,de,5,unionCurrentMiniLM,0,10,0,5,5,0
8-noise:47,P0076,de,5,unionRebuiltMiniLM,0,10,0,5,5,0
8-noise:47,P0076,de,5,unionE5,0,9,0,5,4,0
8-noise:47,P0076,de,5,rrfE5,0,5,0,4,1,0
8-noise:47,P0076,de,12,fts,0,12,0,12,0,0
8-noise:47,P0076,de,12,currentMiniLM,0,12,0,0,12,0
8-noise:47,P0076,de,12,rebuiltMiniLM,0,12,0,0,12,0
8-noise:47,P0076,de,12,e5CurrentKinds,0,12,0,0,12,0
8-noise:47,P0076,de,12,e5,0,12,0,1,11,0
8-noise:47,P0076,de,12,unionCurrentMiniLM,0,24,0,12,12,0
8-noise:47,P0076,de,12,unionRebuiltMiniLM,0,24,0,12,12,0
8-noise:47,P0076,de,12,unionE5,0,23,0,12,11,0
8-noise:47,P0076,de,12,rrfE5,0,12,0,7,5,0
8-noise:48,P0073,de,5,fts,0,5,0,5,0,0
8-noise:48,P0073,de,5,currentMiniLM,0,5,0,1,4,0
8-noise:48,P0073,de,5,rebuiltMiniLM,0,5,0,2,3,0
8-noise:48,P0073,de,5,e5CurrentKinds,0,5,0,0,5,0
8-noise:48,P0073,de,5,e5,0,5,0,0,5,0
8-noise:48,P0073,de,5,unionCurrentMiniLM,0,9,0,5,4,0
8-noise:48,P0073,de,5,unionRebuiltMiniLM,0,9,0,6,3,0
8-noise:48,P0073,de,5,unionE5,0,10,0,5,5,0
8-noise:48,P0073,de,5,rrfE5,0,5,0,3,2,0
8-noise:48,P0073,de,12,fts,0,12,0,12,0,0
8-noise:48,P0073,de,12,currentMiniLM,0,12,0,2,10,0
8-noise:48,P0073,de,12,rebuiltMiniLM,0,12,0,3,9,0
8-noise:48,P0073,de,12,e5CurrentKinds,0,12,0,0,12,0
8-noise:48,P0073,de,12,e5,0,12,0,0,12,0
8-noise:48,P0073,de,12,unionCurrentMiniLM,0,22,0,12,10,0
8-noise:48,P0073,de,12,unionRebuiltMiniLM,0,21,0,12,9,0
8-noise:48,P0073,de,12,unionE5,0,24,0,12,12,0
8-noise:48,P0073,de,12,rrfE5,0,12,0,6,6,0
8-noise:49,P0063,de,5,fts,4,5,2,3,0,0
8-noise:49,P0063,de,5,currentMiniLM,4,5,0,1,4,0
8-noise:49,P0063,de,5,rebuiltMiniLM,4,5,0,2,3,0
8-noise:49,P0063,de,5,e5CurrentKinds,4,5,0,1,4,0
8-noise:49,P0063,de,5,e5,4,5,0,2,3,0
8-noise:49,P0063,de,5,unionCurrentMiniLM,4,10,2,4,4,0
8-noise:49,P0063,de,5,unionRebuiltMiniLM,4,10,2,5,3,0
8-noise:49,P0063,de,5,unionE5,4,9,2,4,3,0
8-noise:49,P0063,de,5,rrfE5,4,5,2,2,1,0
8-noise:49,P0063,de,12,fts,4,12,4,8,0,0
8-noise:49,P0063,de,12,currentMiniLM,4,12,1,1,10,0
8-noise:49,P0063,de,12,rebuiltMiniLM,4,12,0,2,10,0
8-noise:49,P0063,de,12,e5CurrentKinds,4,12,0,1,11,0
8-noise:49,P0063,de,12,e5,4,12,0,4,8,0
8-noise:49,P0063,de,12,unionCurrentMiniLM,4,22,4,8,10,0
8-noise:49,P0063,de,12,unionRebuiltMiniLM,4,22,4,8,10,0
8-noise:49,P0063,de,12,unionE5,4,20,4,8,8,0
8-noise:49,P0063,de,12,rrfE5,4,12,2,7,3,0
