old	new
0036ce319947a52b03281ad67b6dacd3188c9210	a04f7af6827e4c8f6bb727cb2f3bcc886eb2a2ef
007670ddcc2e78e2f0653c274bab8b449aa04e6d	735666a3b0e6a7bb3661c88778835fd2107ba956
00ceaf56c5a7b7f0664be2cc56d70adb95f5b491	bb1d607f52c56c5a4b6aec3e7ba6deb185c9cbc3
00da1d5decc001c19ff9bf6aba7b98c70773ce76	717a2b39235da001a6ecea6dd0c14991f6aa56e6
00e54673c0e6f7998ada72a8663dd77609c40538	8b77f1496395e00b4e60be3f2c0be2e33b74e7b2
00f0b5dbaf587473464498dde5697f3aeedb9aaa	1dc1b08030aa1132ccddd2d7e879d72324a9ea22
015a8fcfa0ee0d528c74f66ab4157f13760eb34c	0ebf4fe33f7df6fa54a4cc6fbb2803ca241ee9e8
015ce70b8bea2a6c9cf7714a5df5daa21bd54c8a	6a784e9a85819e47ea16dbc1dfb7459fd1be3635
01d0523ea2803bd3bedc15cb5019ba5077fc0e04	b8fcbc637c34c0bb49ae58e9566f26476cae1077
01f83e40536aae96e54f3638cdb889c6c4b1dacd	f9e9e27bf5a46f49ee93d6c7b044d8a9151bd3f2
02061771531b0a836f6af0bc66e79b27d574b698	dfab8c6e4ee6ce510b4d42672979d509fb45ae4f
023215e523ec5dd8e63cb187d27306d1312af109	b0e78adc6fc111f2606ca92412c4f5ca9aaf520a
02b4eccbc154b471a9ec75f66c6286e6ed139e74	fa13a255edd369b0b878c50a363e14f44acfb996
0333c04e3653acb0ce7d936411367cebe7135151	564a17e49157484f54cc54718fc060a901626836
0355d2e211fb5c358cbaec6960a6dc84e3d0c562	cba5a50aaa466782e7fd5bdc0ed88814556580b6
036ef43816122b7f2e56a3e9435d9dbd8cc1410e	50d736b6fef30488c297b2017bd037411655b2ff
037070543b31ee5592b83aac248f339cefc42740	0e057a419aa241204eaccfe2ae2ba827a51054f2
03c5cf1813177dfa175da222eb592feb0692dd4f	f367b583e6363d1787f758d751a84780008582c1
043cc718462cf895a804bda722369d1ce3315f2b	d17805b39929c70d560745ef11ec46eab6a18c79
0465cf3ac4092789c4984b3a74ea9df23ae7c61f	12711e0a45e7868447c10abca241b543e6800c4a
04c34c28ba70ab79b8d7144e0c59df638b5bb6e8	416f0ef15fb90b610bb670cb89dcbc241ecfc621
05270ce7b9524a347d04ea85e3758d79ba44af77	045509edcabad4712653a496da1e8d5fc6475037
056ee6eab30abe410d4da1a5bc4b6449214cdc45	1fc2710d238b2fead486e08ee2b22afc4aa21fc1
05d0847d82fab5aea6d48946c121ae19c07cb98d	9cd4eacf2ac5823a93d3a9481677d62b8c2cd97f
060f840c9da1a11012a4091fb14f96b7696cc6cb	ff1ce33c6a0c228e748ee0c36087dae6aa4cc175
0708e7756c2be9d242738487d59e5c6b113ec180	e51932a9c254c1e8a5e48d0d1f967bbd26b82f81
071e70cd865f8e4785ee76a64f39c53881d0eb0f	4e0fddd993efbf8ce898594075ac6d814b0e9e87
072722b15896275a3bc3009d26f6b456e27c9fc3	d54851a9671eba303f2bb7ed76688adc78fd8daa
07df7720c2fcd1551a61c1d06cd9f837a1683caf	b148ac4596e257139fabe8838b6d6cb904b54f00
08cb814415fad93089ac4ed7287e1d453f5d373c	8f94e3c94eeac85644cc0707e72beef864457bc2
08feb05112518a073f771baf51efa3771a9ef32c	32f5ce9f983a473bde79c277b80a3845ca66338f
090d0a091f8bf593e24f190f7e24eb43411e48ec	ba7d1968122cd11b11446f251b4997588d0a3db2
0a01af4df575d88fd65d988621fd5fb160b9fd34	47eccf6365317875355a4c905b9a6cd7e0af98dc
0a6dd16f87a4098a0d4c0b2430f968b4415bfaee	b5b8ea8ecef5d1d1c1b727fbbde0875f3a5156dc
0aa526599d9e0ff8ad4cf4cf57d7cf823e7468d0	038e38b50d0b3dba4ce38f57680e14b0cc426f02
0ad5be2fbc8cf5ea064b61048655ba93174739ef	af94891d42df37604f278ac8df8243bd7ad3430d
0ae6e8f9a716f549de8a76dd800bf5b2351ed91b	195bf909a85d5ee12b7881109197916b3dfcc670
0b127cf98161170d0144071080d695ba9447e7a0	b29e3d06f3497d1df74f14a4a37a9f5fb55dbb07
0b762f94c0867c88aaa3e6a499aa46b515fa5b59	9eec6d01e7e89aa9cf5285e364d074e0baf18501
0b7b3068ba906187a9f6631948f880cc1c101175	b1b3da363aede0651ccd18698dd6223030394add
0bd3e78767c45ee377c0383511ebab8d78747782	9eda2ab1c6e45e7eb7d00010477285cfeca557ec
0be9ca675c589b1985e9d4303481787b34edbeca	7a648181757df4eb145ff2dba3bfe28a0eafee70
0c1f3785625c16d32561cc42b48b5a5f192da203	871b600224c44ef66638f662dc8322a9ab7b1f09
0c59ecbf4c210d7d5eae85ad92994b2044d40141	96e24aec411aab0d9ef436362bfffea41244cec3
0c61583be0f012b5df770bad2db353da3b285dab	99be1619233dbcaf7de963ada66bf338ec1df133
0c93aeda71af71fbf868edbb119f04d23b77e4ce	7b422072dccb8d73550e5893571b76265c8e2e41
0cf8b0329813089515038742f14f34de55848e8a	c32b058cdac0260330f079e86b4ac80ece9b3f50
0d2d0efd124ac032435b743cbe6a57cb2c85c81c	ce3e2187432425d49adc383116c63b29bb52868b
0deb23ea824e4512e862b10459fbef18ad2a5a50	e951ed3bfc229e7665fcc61d91b7864fdb5c75e7
0e8619e22ecd04eb6419206e4e0b22ddd67a4beb	60124c5e904208b73f78555b2e42447065c6402c
0f2d378d779f45a4b35c002cb2499cfe33f52066	85da737f8cb8acbbb1a5b3b5caf75fce617543b9
0f8cfe7bc0ca750058d4b6210ab8bc8d310333a6	6ae856ea15054a20da15cb82e0851cc49b0770cc
0fb3e91fe309b31b56d799750fa92047164e2396	c55d5be2e7c52dc002db8d8a742717e5e8ea9981
0fee297f40815e48d3cc0abb6e57ec8316dfe2cb	1236403e77a31105eeed3c53fd5f4a63e39e2d9b
102ba5ec59680d08f3ef4c2129cceed5ca73e6d9	eee805da000adfb44c1e34e687db7d5194464da6
10778a655d0259bc5b3f7009d0e8a4088c7e3a14	4f4e18a41d14443cf4bd865e8acb54d2ea2aa665
1107a298c91f4fb0f0e91a8e3409e2a9da3924a1	855b0e60318409ff9b1d55fc098649633c299862
1137b53a9ad990eb6dc557ac969522c6441c3662	0b76d8bf1d1767f31716888c9e33da61f139ef4c
11a4c5317c9f39c78c8e7046a9c79206339cca79	09efc1b6cb445e51829e2af8800d94cfe434db58
11d4c0978f68b0cee2a9e0049c070de517a09a81	b9deb0dc5054a63cbdb7335cb24035b855a90211
11d863fa8e154d7f5150f19c44850860a3934eeb	250bb1e52f7ef60a5b11a3b7b72156e297444df1
120611739084d1759eeaa8e85b72144f11e9bc25	41dd639493fdfd5afdbed3fef81174ab89fae4c2
1226e6590275e1fbdbecbb0381887b2eccbbac2f	6cdbecb904279bbb68253f6e0442ef25d61c4306
123aa98a700094d9db16c841d94f68b3e48ef983	fa2397664c6d26270055d078980032f40d57e0ae
12777c998629f79e66baf1efe0a75b5a35865a70	01ed8838367f42c627e2775e477095c26ed6b839
136b945f7f570a07df3884b5080cb5a35706c49f	4ad950bcbd1b13cd8378a63a793df017849ae22c
13d8b0d7008bda6839c739738d49700dc54c8e58	d0283192d69e5a5be1aa2046e67d94dbcf336c4c
1491f2a57ced97a776a7320e6d3484927b340314	f2b0d7382d310ad4ab5390ca0a544715b4375021
14a9c77c96b95b4c9e416d7ff0964cb17a212fa7	726791b3754866d7cc40a411da4b0fd6a96a5efc
14fc7f7138864b44b4cbaceeefac2ea4f4d4093a	b9a7978a1dc16bc12db869d550421901ad5d8655
15067d9769b190d164946dcd2e258eb412773acf	9abcdccc362eaf69e1066df257346bc254f7efae
165ce60d3c0267c5115840c3706420f74d863bf1	9185f5095c491e8b8e606da95b426903c554a94a
16c624c05f50675e5f532451e25f786ba4736960	ad46a98cb1a2364a9c4de6bfa216c1b6bf113cb4
16de50a106f2a5b224ab96668aa4f85222e26f23	831ee22f4fd16cc888eafa58a5f401c623c34d1d
1703daee356d056bbc90ff778a2e1b481f50b206	a29376f59f058cc8cf43e35cc9c7e8d2cd17ab2c
175b2c0de739a5a920cba215408cb8faf43c04ae	53a396471a50635b059f96f03f43efb5810f3bde
17b039a8b2635a45d0fa0919baa07b2d34723285	38b8c8a79806e164f111c7a2b12f43d53b408730
17e9ec76b1c3523511f7155fbd77f5ad755a9504	b4d12d5b16b7b7467742897d99d7cd6e92d30ae5
183ef60b3e378b3959325154646ad39743b18292	1514a3e0b3a484eaea8fd319495bb3b23a53c834
1882b0304c3524d0aa510e7d12b746c16de791eb	bd77c27b801071398b040dc9438844a1bcc6c5da
1897910724a97f2e09d1266a8b2bcaa683b2ca24	a32647df1458649f2183d287f34936039c53a74c
18b0eb29a4e96ab877fcd0271bb6ae04aa842101	56da53f20619482938a7a1759666b7f668356461
194e29bbfcb1680804e5ecc0d00a355422428604	3c8836fb51f55b32ac60dac940396a0e4398598a
196759853f07fc87e7c919425b6645aac9f03869	4aaed67532b7a81b3ac09d3b181212811c4670e0
19d140fa3686379693c96f0e3039cae1fd600eb4	76bc1d2cf4546ef005868aa57ccec69a85b0ac78
19d23391d10a46fb9698ae3bbee4c85e6951717f	b4540792e5ef45a718895a27b6681bbaf8c5faf9
1a38ceb6699321c847e8452d21ee4ace66383cd2	efbe18fdf7ac07fe678a71b5ff19978993b997d5
1a841bab777748d3ac595b06424d7bf72da369c1	32dc1bae47d6ad6216e5667b8bc2a4eb79c77fe6
1ab9aa7d4aac3a4795dea8e65b48f1243bf3a08f	552dabfc9b7b5672273eb5059bf6c8929e333970
1b22affc5eb6420614cbfe3970530e93268dc0c7	763ffcef7524ed1c61ffbec3549bfafefbe76094
1b2ca638aebd5af26509175ee64477edb90b884a	ffaf384f38edf798c744805daa8377cc6df4bd51
1be615e31e3fc3696572e73c206ee716fccdbe50	8cc93808dcf0047cad8accea2685830b2b7d0731
1c29280650ca8db498998e1baa0c361085deaec2	8ca8030cca67c1c1bf2f34bff517c7398791b42b
1c8f7cfb9cca869328d55270c20d4f2f1d312209	3cd5d5e4a999a10a8fb8eb7fc6f42ce4c73ffd2a
1d61f978ed84fa9aa753d3a551dec2964021ca92	26a347169d477ecb4d4022df99d4a76dc7bd40a6
1d854ff8fc3d37475aab3df604fa5c95e6840650	db479884d355a7018acbdc53094af2bf9a8ec461
1de6eeb8a980b86e2c75eed689cdf8beae80764b	0417df5f12322f1bfdc776c1e0c8c90c9026209d
1e1045e4476c34efa845a09303aa4e8eee0185bd	ccee618eed5733ba5439537889f57ea9e6f2be11
1e8654cf13142bca2abc00f042ec9855a5b8fac1	cdfe93aa2db3936a0b72a27f3e8888a2d10fac18
1e97a231b62d461b68ee83e1465cafc1b015dcee	7672a0b00e67a0b4b7f8ebb0733e2f71cedd3435
1ea05aaa65cf1515685ec883fcc5ce07ab9a3381	2fd9456165eb4eacde3a28665b42370a2d0ebd81
1eccf191b21a04ab2fdde2b4ce681556fa65885e	2114ae4a0690d0e2c52e0b79675af4fbf4df7423
1f09cc81997b5ac99ac0da319fcef7d666ef41c9	0e6d3c3d051dccc147fb21eba74f40eaa30b1c8a
1f3b135167bb2106c6a083462e7b64903d021477	4336e9d5c0f69366cec910a599edcdc7604e48fc
1faa592c9abaf3dfa99635002fed44402c4470dd	b41c3d865bd5f2aeb3f83a532c178fe49dbc0d21
200ff073acecb6f782e4686ea6ff1bad46ac3fa1	4ef5fd995b82652f88891f01170f6fefafd22d03
2031330e0b00dad8429f732e345bdf253b334cd9	e77c9aca564c49df4173d11519d46c104957d10c
2045e00a0802ead5b34c49d33c87a913b79f0d38	b0dccfe96a856d3e0a4515bf935937c9edab9acd
206a95f7e147ec92e2bc8ced6e961d71db7b2bb4	8cc2cdc513381cf73eddbe35959998e6ad9796cd
206ca9fbe069ac31bb0daee7ff87053bd447909c	d5c158d81907c64b71d5c188a533427a00c51b68
20a9b4b178bfc81e4a44fb0a24fdae8d01321256	8928df725b97c7e14a5a377c6c0362bf96794b61
20b77a67d42c14100a2e9c791d3e1973ce3d3bc3	ce7e9f80a17a7285a14030f96058bef559ac2530
21ad646e8b2ac6270069c42084a08f1fcee390b1	8a95435bc7fc4e50cc1e17edc9d621c0ed142d86
2223ca366ffd207dbf9dfec0cf7b7fcff83c55a8	a542b64a398945a14dc2d64e57c54eb11a7b54af
2240ab6adb3161ca443cb10df9d3ad4910ea8ee9	b2a3e9fa894281d01ad13a3d1e33b836a5f5ecf2
22626685a71f4e39a6db5820fdb0f8ca58ee2a9f	632a83c146973b959a2901e69f3a902931cae03c
229223015cc357597c766f828e50e130fbd84c67	8e5c98e654a735c9992fcac68c2876b758a23c61
22d782020335be498b64eef533f072f59e13ddc6	277e1a6f1af173a0714e496f2d6f64a67e02561e
22ed2c53ac8101e423840072e04f6c40d3d69b6f	8d28c73ed06ab483599e5b06b841674da6fb2713
230ab467bb7960f98d48ff6193d70236f8ce3734	b2e42c951ed0a93a50ff6af68714edba844660da
234505267c15349d7e67efab4535733022cfc45d	7c1161dfb9c4e451cf721a7bc0ecb44084e5a1a1
2385ab34bade5da6a8795bd32512d007318ed3e3	981e153e557aaa62bb7ad5543f2e7b862c743a98
2387d893066ac3923f47f23d967871bdaffd2483	5496501cc4629e7da6820eb70020c00c131ce67b
23e3fafee887d7818d900f222895b8b973182c4d	1a8b5c4440947e0350f176f58d85de97a7600d68
24ad3660a4058d9988194e005c0547a7d4f12f3c	b2dac4918953d47a745340a2b8e8e571cb3c410d
24c067ec2d01f14f2393f521490a6b548f34646e	915df2adc638c6e457a24f480dea79a90583dcd9
250513dab910768271632168009935b7f85076af	263ac85344e71927016c25b1ae205339e80ad43e
252f3010ed2ebc0a19f3d64b5495f6ec9b978bc4	b675ecab7b3c7b5f61d18d616843c875908a4ea4
25431fb565cafdf6eeb62c26671cff9415c47bff	f56f520809cf2ab07de853cee86fe689a1e5a83c
2559bf71277accb09d07dd899518902f40779005	95a85ff776c9705661b3e90ae2fcb5d6373083bb
25d9de1617343889f8dd632b50780e51e389d627	ab08b97ee6507dfc927932e12792378b9ff4f2e9
26d383a1de54b4cf0351ff7fbe0bed060a3d58dc	1d989e1ebe545110d747daf6b0ceda53a612f6ca
270caf9fdb9bcac3f132fd0340b132c7c91b55b3	996ffeefc412f5cf3ae77b1ed2d4cf62fb91610e
2755ceaf6180b7dad38b4d11f859a5853a5a0cb1	4a718b2feeb51e5aeebfc6349ef1e668c56b995c
27a526eda9d6cc7dfde3f0e6971eafb4faea72cb	6b253e0896a878ca50c64e3a77249698ce86078e
27b6f6ce4d8d13a1c54717de151dcf3fd3fedca2	152c157fb51b51071b30ac818554a6487e9fecc7
27b95ab4e6d84382eb696b95939f81e6b3286775	a4df017dc80ca773fae35f22365b4fe598998b89
27cf554eabf7fa0b46b60e72f1a4d4d190fddc8b	a9fe5ac254a8fe69b7562ac4d759316ce9778a89
2855521e114648dd70b810e6d90e803b02198606	891b178d28fd1791bc27e3d66f5ce9223eab3fcb
28b0e22adeac422e21c3f39274ddde7e7ea07cef	ab46d5adf5c717556e71f446d3d8fc61caba1fae
28c2bd5d5d43289649e3e21a6c10538b1360f0eb	ba8636388ecfc74dbda869cff5830a6025d37a20
28e104e30796431483f2637d70f5dd7e46e68658	b58e911e6e314e9c7a2c14475c905d45671ecea3
299a61e2e9f89ee74d585aed572e815cba2cde45	5accb742c1b6549e91898f1d8e454d95e6ac0d46
2a2b77424aa5b278175d3c4340d9cddd9591a753	4250c8792a3dbaa9ad2154c8345dfed794e1468a
2a3401e5c80b9077eb0eb74aed9d6c6844ac19e7	08a7b621b32f6ac72c025ae02ffc35f478d34cb1
2b014b585b6f9fb0bc299b05cfd3641be11f9003	ddc69203dca4582a017b3725bc56545875679519
2bf95a386869b12bcf7ada5e0cf02e74055b2f5e	70abac113a1aeda510b679768d70338ddbdffb1d
2c00b90e5cc9cdb85d56e90128a7979ce3c9ba3d	65aeb8f27e30ff369c76bbe3e4df55111d492954
2c3067b47935f97ae7036b32e77de67da47d83aa	8e5c67fa5027f8d5272d6dd598a44eb81f22e810
2c8315ba50eb8cf1c4d926bec0f8b4fee35e221d	1fd6330e7b196ad873a77337dcb3eae020fb75d1
2cc6e1541532c4bc702db2ce29b0fa68640e6128	6d916742f5f629b215282bf533563bc91bd93525
2cd35091449b9cc330ecf076cc62d17cba5989d5	97c599f5c4bc07a0dc62ee5c98342aa7969ff909
2e603285620c0870bde0069adf6daa66bf25264d	f60ed62402100360d8b614fd4af23c3a9348d490
2e9aad955bd995460fa4be030fa4212c72c552b7	fb3a3997eb72fb54a13cd9237001d7beab05dd93
2ee9a49d4030c020734b0c03b158c5b502c6aef3	dfdf05013c700ff1323c436370825f8767060b6a
2f26be29bf3a5702413a66187ac0f3f93a8b4381	7e06c94f1121970ae6bd2246ab92bd3eb890eb7b
2f3a88721cb538d701fb5925c43e4ba0ffe0b90d	f38d4eb259ddda695035f2cafb95b422b5826fe4
2f47752be69f9191bc0f1cbe0f08e71ce21a2743	4c87f94d2bb370658165578c8c58e3f4f6c67ea6
30124af6a766bdac1e6244adad714599e1313e82	0657cc1714ce11dac31339683d2369ccb990d5f8
302c016e3c44319a20a517ffb224368880df3568	6f0fcbe5d7c9c55799c5ecd975832f302db57423
30377af950bd028cbc14e4301f2a7be14ef47e0f	bc81b5c246eb36b0d88ddc951202120510df5810
3047d2fd3f1fd41487b7ab9ddfe8f85e1a21d3b3	8f752a75778af87f8f27db14c6ba6238cefcd11d
30cb208fa2b5d4fd9f000ea803d31042a554654b	535ebc3e245755e6620b5e40077d996d96ebd0b3
310c6aa5083c40f1b608bce8d4e9b310cd89957b	941525b3803610a49770f6bdbf7f779bd93a2e88
3135b071e73f674949f75850b8f8aecc0fb425a0	fe4391243c92402cc9f2f0a735eed876bf819834
3178149c20d57ce8a7a2a0b4b4c613b35675f09f	15a88a04518a2ac68b5ab25a2e7d06ebeabf76c8
31cda82682629e228bc5f04e137294cb7aa009bf	4ca5399bc2e2d31c27b05b333e4de1aa4b8f55e9
330dfcfd1ea0cd5eeaa43f55e13c1473ed104c45	3460b530d6e207ca3e0670e475fc5c7c851e24fb
332defd05732c148fe0337577a89b022d3f64a51	842009e9c9c7e3ebfe1a53b6cd3b0d12ecc26504
3359a8539da263dce9e8fdcc22d5f94fba6de3e0	a085d5ebfb493eccaa00424db0068fc3d2453651
33a4b2744df108e6f9519ec945793078be7b23d4	1f95fb6f83e284196cf5add131246d9dd91ed6a7
33c0e2d57765cb729455889cdf30afa025c37b45	04345506f680c6435f8bc6fe747e658f372cb8b2
33dd62e4c78d4b0a45529a5bccbc695886f6c867	42c71fc03c1d6bfa220ad0e467d7e21eb20ad1a0
3436280d2d02d8c0bfe99b6f34c5cb50ba200cec	1781d249e9d099aa0acbcff273e804f5d8fc7f31
344363af1cf4bbee15ab779dc2d80c20aced761d	d3d767fe8d28d3f0f32d4ba17d7e114f1f0c2c40
344c572be323410560f080fda9d5201301527e07	6a3ab0119045185ac369cd6a70756dd34d8da121
34878faf7d3e2c2dc5b565046e94edf298d4b982	fc12e0cd5b83ffd85fc6095887b14a54692b0a48
34ee502321aaf8e7b8428f19aa1d1e9c7638f6e1	e8e3ba06fc900aac315e2f74ee6ac83ac38325ed
3610361e6027aab6aea2b4bfc038cf6fc4be8aa9	5d5dd87a5f8bf4992fbb4482879183766a708af3
3647753975fbe7804db505ecb3a7be8137896be4	ec241e17f4629b6268102744d85c3d6948e876ff
36eaa7ae908663110047d29559461c30382da351	cb1f406cf4f51ad5fc341d414122d13d83078306
37f6d3fc0aba9e537a67389f50991d1af7dfba69	d69f6d72bb9fd4d8d6e939a4a992436f3b5d659f
37f74bee6db67408238d8bea279d909b14bc4a2c	c49972d2d203d8e69fde53a43d4629928314a1b9
388ebdf5deb48e9a9ef6f359a9f37fdfb7a99ceb	739ed111a2923850b2c7747ef6d9a1287b1b65a8
38e44acbb7d2f40764209b19e7b7e79a035b19cf	3b7e10113f1bf508cffc50d70171cd74f4e1bf4a
39961aee9f67705c43aadd8576d0478b55e0ace3	957edc6bcbbb0d5d297014a9380f5f937f900ce5
3a5dce3b8cc4fd19a0c76bb5b846bf4a572bd6c2	6b11062d2de2813b3d6c78725d2d0a41190f73e5
3ab5c08f354b77ee8141b6d513a1150d60e5a5bb	373b318621f7c8c08baa1b37ff23989b23da97f4
3ae33abb8d6f731f27cfc80a80ae8216a12b0d45	7f87f6bb4d35300403868aa7526bb8338d767cf1
3c27d04c7d91af15dbc80ed76acf33808b020b87	756c8181b32cbbda61afa8137d8179170685332f
3c3e64262d3424e77e4683ff372d14f97d07a112	1cfbce156b2fe9b24e7c7a9b66a471b0e850977a
3c7e3edfa50a49d4c2e42a9dfddb2fc05761ad10	f0c23168184660ea24a062af50f8533a3dd63258
3cd802991e8320f6f56238402b228cd0a62fd491	cdd76a62fda6f09fac531a71057be5cf660d33e0
3d3c41ec595a90229b7c97eebe118d30647274d1	d7b73d8cbae70ac19c1d52d1db3cb7c052250054
3d883f51ab6f9248b6812f1196fc91fa4a8f483f	099f9874d17df1dc787f86cb71eedc7471c9ca86
3da98724c71b2a03d5609766640774c04cb5300b	90d85a87d032afddac1732fa2baaecb9dbd81136
3db380dacc5b35f7603bc2ff96186e404dd77d4c	9241c3a3c1792e21438d34123b456e47ed3091d6
3dde00c730e7005d27c519c60c31c36c0b40f10c	d4c5a6475ba014a4d517c5bc920680b84ad1a9cc
3de5d574963eb5898ba3b1cee7d6654ced86eece	3032e601cfa5729d0d960a737979ae9b2c4c7dfc
3df0e1df98d92400d4fc5e7dc0100d6379f17263	57ef72e34ee5de3abf919245a381594b9ae45615
3ee39387dff4dace6eeeb4460f118120b9b42770	8887f967d315bf701f3a5cf5fbdd6c5f17b6c820
3f3537608a9dcbfe30781ea51cde501517f561f4	aed35ec01aff341eecd9edb267c2125bd9a7e759
3f450a6c68730cb5b90d5d7aa126161c03ec86b1	f4baab940b041ad403ff39a394a1b6d91aa6bdb5
3f7e640ba9e011e6163dfbd97b69e95377eeacb2	893047bfe0b24c85ed9f51897c3b1feb4fed2cdb
3fd0c26d6faf35766a9c1991dff274575a8a4a4f	09325d2abbca46563ee9d696aface717ad35ef16
3ff0ee57b8e2f61feece8ae6df6f858464efb22b	f797fc937e3c467ac14029ca2c8acdf64b60b32e
4021f39b314aaf9d7b7ed9706533eaffe83884d3	0f1bdb72be2e5c7073e0b36796ec491d753f1c95
41cbb4ed1f2486324b2f867cfe0ed1c5921272cb	69c63376340ef91f20b097d6ac73efc8413f5053
41e13e70381370fffca267e908cfa8dcd5ac688f	0ed300843b514d6668f4ffc9cb62ad4eb2c1e75d
41f4468497c54f588c6d4a689710324cc2ae0185	9ac84a256fe5260b1ce58cb69eedbee795a999b7
428305b00f247ffa7614a5a7ac5edb3d52a4037a	a943c16dedeba95bf178358a286af6a03b0ce8d1
429a28e9618a0babda093a799fa89f5ae165d95f	3998932d3e089c287d63551382b459183eabe120
42fffcfca04c54505d3168104942d63560911ec6	8807cb4f747638c6a8db83d0a1964dac6a1f26e0
431090bdd9243a7280de73883acf6f2a32360c96	0f6407d236481e088883442720a950c9caa2fbf9
4336027f819acc88075e7831a6534880aac28f43	7ce17b231618b3cafb29d171c81d2e155375bd3e
435150e5fc1fe3f92c77e8c0940c697ca350fd60	12203f05b7938bb89fffb53486e3b52f9d599b37
439e15c7eeada4a57e7c54948b7f460eed4d6812	e15d8b2edba4664a1c5ba5e7c9e7897e6a977eb0
43d7ffc8d1a3849bb8c51f662d1706bbadcfc770	d2a773926c2a0aac7a4bedfb9fdfc8db087af74a
43ec890ea6c4fb5aba3e017ce18cd2182ef2effc	3fc92d05a7ad238a95c992f5302190ec9d563f14
4406ff073e651d07ed73e3daa124e9a0b74a00b6	1a25fbf369b38087a87ac0915420ed210b52fa65
44fcfa63d1ea31899d6aa6a5f87cb0548b19a90e	ab7f5b8a374bd0e6b9706531dd6a943725c5c81b
450b56f07cc954b9a91368de57f83b712f90f3fd	572bf4822171e7bbae43dfe57a87b5a3c94253bc
463852b6052db1bb4934812c5fcee7a338f92971	68edd926f7b17c2a75b8242f848afa6c5dd94ae3
46dce4264c0faf55a04b57d85fe21c78b43a5a08	412d16b0d9b89e7f2cc7b33eda7ed5afd2831a28
46e0f36bfe3d9abb8e576fca1b2c845de25e204a	9efb657fc57992d75f118d026df4e842bb8c56a5
47f0f94e256d7f5966443d67dc8f514919a97fe8	7aabb7e0f1f03c036765164a87958dd08a686eba
4818dd48fd32051a27fdd7579b452733c0ba8f38	a82050036d1160155f42734de8e0bc2a64f89c65
483d2c9ad655f18fdb4f427f30cb042d2981cd92	13547d6fc3d43417774f10b8d64df0955148faa3
4841e1fd19afdd1f0c8bbc153112a6b6152c1d9a	d1b1ad297dbc6e4fa4fe79a26011b775a732803a
48570da8ab97bbf1e1173b01b6cbf3c99b373694	18ba9ea96a87019c7dee0c30b125fd6c93eb6bec
486e7fb79f69426a101405e672a04fea2400a67d	43d1ff2add9e54c318bef46e49df925604de5302
48afabcc66d8d53a9cf833495ac63dc713f08c94	fe42144ce61ea382ae500876ad91afeef81cd464
48b87a402c87a2b6e9d5680616c2c76cc0c52ffe	e08ba4ba7b33b065e3ccca1c3fcc9d5c171a722e
48cbdf8182c988f8b297cc0a341e7501e95a3875	f6f933357caf49c3848a6a2210cf83dd8c9411c4
48cef981830d27575f9bf1854b4b800771308b54	325f891e74911b7c8fc3a84bc9cdeca33dbdd12a
4940fab067934a2ec1af42218c166709a8dfb322	54d162d4d26d25fd7625f407a67e2d81f7af6d6c
49cf296b136a9a3cea85c20f540fbaf0a1ac0c6f	630dd73b84c1868670e0c8f0171acdff58dfe9d2
4a55f3e0b36856e6708e41434f12cfd837317c47	f557b1ea2ce36336735f730a886e8d6e8f78c6f5
4a5f0cfb79e298317c3ff1d1778f2e2d5d2a7f11	dc87eea6872b317d99305435a6f13a340321d57e
4a9a49c3650f8a3bc9e057a4bafd7e27a217cacd	23f7f7d8ed38586432c2308dace85c4408db1b31
4b555b9c95bcb8b1d542eb5936d7fcba4c670436	6b7fd22ab2b7c52e25d683b5c82d086c060418b9
4b6fe4cf8650dfaa8d670042aeb9f869665ba303	1f3ab0adc52450ca477095443d46418aad8f8f41
4b73d5ed8501000716f414303959194ad2902670	f3533941abfca33c5be7789691d511764599fd4e
4bab28d7b21c98d30fdd95223a2044be6e4ac010	41b25af9f8dcbf6f46080f94dab3f7eea37c358c
4c589f0e4c60c6dfbb07acc242d60e6e7bfd6d35	9f616d56eddbafdca1c17ee0962d87c5a91a614f
4cd7bd565fea872e82c5f1ff9252510eb6851d4c	b8fcff357a7dc19d2ce690eeef1c587b195ebd2a
4d34cbee4201a24829ab85c69febd6286c31ff1b	3a8b2f4bc5a8bae396f1f7061dee24c3cb946e48
4d7ac22d9721de66a835186587de1f55e8ed3350	a38c5083ef607f2111c4c2243b037d569676a818
4daf9713d6f276540a263b89d2b992183d8b6237	491db361ac9fa8ed4bbb968134f27e54c1551b28
4dd2bf7347e75f4fa2769785fdf1398281bf2231	7b8042528f6994198513a1dae63a7ce503db3041
4df949486632f3aa285f125e78d2904c7fdcdd7f	8c36a78378b8c2df003b10904c19727e9f29865e
4e13bfe5d0ae67a21c4a8489f87626151e382b93	8f65d260178fd9a1110ae1ff267c6e618392eae6
4e33ddcb6338cafc2a61f5eab72cf2b55a014ebf	c7dd32e9709a94396301ba8820bcab60aef7acb2
4e39244e54bac159fe31531daf5f058be23a709f	5dacb314dd04b4123114d6ee28514e648d7c450e
4e83b50cfeeab5eb3b9f46ca900aed8a962cbd83	97d2853c238f52f20da26b4f97f2942309b63634
4ef8f1976e99097a57821fb28ab90f61cad56a8a	50c8aa6644020d407f908a6abe85ab5e195fa3ff
4f117695f0904a52742629af688415a2cc003a80	0e42b3cd33449ac83060217fb3e3db645fdc72d6
4f2a2f2bc122aaf3a3484bb110b46eff1b019913	b6958e4bc6d943a30e073ee8c950ab983a46d94a
4fd73db2e2654fc93f2e45e70daf0d01f12cc44d	0b06f52414e7ecf2eea021988e3012aee24ec4fa
4ff1617c3da32f031746e4eb326fc9107a56488b	a0bcfaa806adafe1eeb6e125410671b82c014aff
5029142421ad3171b3893211c09efd4d6367a7de	b30d7879e7045ba63653d459f4bf3a7a28179712
50b5c33c7fc926a27f47770a362666b0f4d2cf4a	b0a9c3fee50dc53c09e3b570d23f506b052205d1
50f0a57c955cc981e9f997103db2cd8016851529	70590450735c97cddaa81bed76f7dd9ed3aab8fd
51273c70dd87272ad59453f822cfcaf435b84a3b	69df88fbd77263e00c4a5b6335e3b7e452d2824b
5194c9f188aabef0b523276c569836ec44bbc709	6b527b636fd4af5aa1cdc870f9d46bbae0fb7257
51be8bcb6dbbae18b754b606f7df64114f88ebcd	178f129dae0c126590549ee4eea6eb0140c866e4
5202ab102e44c527b7a4359d4008109c73669c3e	a175031b578a3ebe749b1262d1ba31da1f96197c
52911d17c8df7e71ee429a1c345fcb880da9efff	7aaebc7cd52169594ec3a6dbcad04b42c8302e7a
52aaa3fd87755cdec208cdf3eeedeed14df78176	3f26e8de36e931b6a1f0d3256ba6dcac3fe6691c
52e883555c794711f1c144f970a22bff8cb05a35	25014831ddf5efa0e1a3e7bcfee3f4a5ce0aee5d
531c61b5663af77e6e84042284ad2734fab91f74	046158dbf070ffeae619df50813e6fe92ce20441
547b7baebca62334e3a156d77ae2d0a10edaa439	74a4ea6a0240363439a497e56ff5d2655e66fc0f
554616191a1057497c2fda7e3c2ed1081ad0278c	1d9fb602378e4d7fd41eb49ccee3a94209a272cf
559d3281e094a16bfafa69ec49965e7ba64ad544	24491bb5c43bd9bbf89832edf891e0165770cd2a
55a48f5b5a1167e89260bb32cec573ab29910fcc	d7233c8bc50e516a091910fda63f8a2a8deaae81
55de896b973efa2ff4dd749a62d2411ceadd861a	652034f4f95d8e86013f1cd4e4932d9f16951d79
571a3541b1df7f6c2dbbde3d9d057a9cb8425df0	f494d7f0be18ceec7693da5842494b871e3a5d06
57240389213018ac15ccc1de7ad990ccdc1d290d	657cdd22a9013e6827d85743aa325e27c56bb09d
574735350c586c8d322d291c441a2987a05627a0	e47a91f2050bf31aad7618208f27a4498abcfbcb
574cf92ce0282538b9560e9bb179659fd265d9c2	53f6d20f46a41df6db3c265578f4c296e4558fb3
5782e6314d0dd8961397aa4746e16330983c99b8	b497416c1c398fd09c999769c81497237ac2c92b
579326746e9c28870d98e2395285822f3b8d795c	987c36678b4d0b552ed9427408f9938815535ac1
581aeb37ada8caf7cac64906970ab0dc2cf0f10f	c6397faa75c54e1adc29f357dcfd5161eaca710e
5842831308b5d6e1c56ac49f206ae491175615bf	49e7d0ac3d6fab5ededefdc216850a542761f8ff
58693157935f340fade02f3d369b38ba994343e5	78bdf5a4fe1a7e341db87036acd051ad304b45c9
58b89142de923d43db2d9b05d05f319a7d2cd589	d0c45a73f6212ada0c76ab36c9c04052fecf731f
58c085eddc6ca0e596254a209ed7f8486f251d75	58750c9d86884b0ee96e8746a523c99ffbb27423
596deb1b9246b28669e6e4be4645ef8f6fe86150	0ea6bb3ab6f326c3c21f54711144dc4d61bf41dc
59ab218d33ac4054d8c0a1fe2c31d16e7b93dd58	4091b480baada7195bbbadbc30ffa8ff9ae4a509
59ce64733ed596d746cdcfb0e76974e648ca9bcd	680fccf6d0588a589f55a70bbd4db95c0cf9c58b
59d2b83e6b79ffe1d98ed586aba058d95039a2c2	91a5c3bae04625f418b8bf5820c0c815533d0485
59e1edb75eec6e4aa7ff580a1342d4c32fb1a516	55435101247dc2be8791c4a24651716e202df38d
59e4640968480c92c2da132e097a7d03ef0f4b08	c28cbabe8c5617e44633fe42d3e565a6bf9b783e
5a00016feb597783bd4386ae4475ba1aa6961395	bb1a58fcb99dde1d4da43107335d9f222b760e2f
5a17d7803b62f682155f0bf17c58a48892014259	34f0a75f7d50a15df4ee13a0f8aa94f9cb5d464d
5a24c1022a571ce5f0ba8e7acef2465c760c982b	fe3f2d14b07102396d388d40f49f98bbd6568222
5a6c78c57f031509e26508e19b881150aa443ec5	23dfdb97246f784eba95c80bfec287fd8f733f46
5a82ef6a2245aceab5e201b67614390cb336379a	082b6e4fda171e830de54556a936c08f5cc31ae2
5ae154d8b073dcb38afbbce15be49584e9c4db40	8a0322b3c3e850625a924bc3dd44a805330a77f0
5aedd192398117de8a6aad2284c461c94996727a	f29bdcf2d1182f76cf14961d53a7876638ea2531
5b2da74f642b53e5ef3e6c137c5e594dcf96e146	2370b4e3ee0ecc9df8c6f7d9d52a022feef8685a
5b33255251de5c8928451eb688850e73e176f55d	f94660a54ad556e12564544ee672a9c85be0bc31
5b581f8ab4b7d4715f4b1fad38956e160eb80888	de567afcb50c56d75cf442cbf8fdf8d74d8ecd1d
5b6e40ee120220da6d16090c4fde1a71896c0873	0c0f11ec3e899fa0f20b77fa45b078f44b4b8887
5b7b5eeece947aaaf328fc4989a3c06a01e14409	b550099aabf56575fe15a2e3c77d8a12b4d11bda
5b912cc0cd0645bbb66d74cc2c974425f59ef01d	5da2a68146706dd2d2b057defbf2af5ab668a76c
5be2c73e4acb934afd91375b6ca121df21134eaa	7f194711342e22ce4925f47715bcf5f6467195d3
5bf5dcd5ba48b141d1bb8cb1512a37f6484c2ca1	a7d9705f1903b80d56918446042ee9102ffc0a56
5c3271b036b8b9e3277830ddf4f7b343f849423c	bb1027cdbc18bff7c2bee2edd43cae6eacb788aa
5c42f9e05f93a2d090948059da2defffcd026918	b6a7a95db6ca9b633c4ab534fde5f72a78906491
5c8e283c23e49e2ad307dedcb217792a4a7dfae7	de84156e1dc5112f654af448efad5e84294ed667
5cdb07208a1f7eb524729134b608318cb95cd310	ebf766c43f0e6a930e9d78943ebdb5069b71148b
5d115f659ee452b4b0a8d47b760a4ebf72425d50	fedd033d49b5d38003b20d2104ee9c97a6abef66
5d4eafad4104f6dafb22cda80f12521b8b040bb2	bfdeb7c6ffffd3d7d894ecfdf6b023fe5bda6ad1
5dadf1d290c9ad80346bf57ff0387cfd0ebfbb17	aaecd26c0788a144d8b60ab3a6c87a622d19a0b9
5dfc910b19631b686d28d81b2f69eaf728316e30	9d4aa4e8c3a8eb013b87aa35e28b0ce07e33f6ea
5f0c5fc89c9b453e0e1d5fcc274cceb1da2904c0	84179e49856dc2c861b784f28d304904e6a7e628
5fce5b00fc23d824d451b5e83699c6b82d914322	07ba3078912a81ebff27227901de746b7a9eafb9
6000a4cf72432ef4a5e614a192f95744ee9edde1	e6a388bb9520b6350d212aecdaac5b241982c8e2
60097d69043bb65c67b8aa151da3336e8d288e0c	4edd6d9f6c1ae01996ee9c83c1681cd313c37fba
602d3b58318ff69db82f13224cde1725c95390c4	202dda10822c88e6aee508da4bf73d7ce6d78a75
60cd2c4eb4848211d0fe858a7bf3468633757067	507bbd6311943d004a2d69d2df19c580328ad20b
610d388cc96f3e185db811d92c208bf95cbe607b	f0dae8eb5d0cf902461bc010639d4369c43a7612
6167aff0aa4f95f97c60cdd7144ff25dd0e8d60a	5bc8f29d81cce1529a28c4a84c227b2e5f16515e
616858ef7eca8ddc9f88529ac41597866a1aed17	91d0ef334db3304f7fad49eea2cb5a1f65705213
616ddeb72de6cc423a882db649a35f653f04c772	b52a9542f85dd1a3158e8c7c605af42ec25f9f3e
616f48738cea95c645d2834ba3f5fb5160a6a641	3f1f8daad244a7da8dbbb069eca16d9acaa8d2eb
61a59f68e9776782abe426b283edfada0b673a96	ebed2d7761207f5995b62476ed9d63f43bf3739b
620b178a551ff4d551cf6ffab72fca658a9703c2	44f33d57af3fc2a147af6aa6123784e30b9a0118
627ab8e0afc49d6fe234daa1e2bd54df4d6a3b02	d85eb416ce552a2c19f1e539e35b5b5e32b91426
629352ac176a1f85987008396a3c15b62e3f8e70	33f42890850a3cb44a204c37e95830b9be96c4b0
629488212cc21784706e2753e3c216df3ea6a6b3	3db31b8b5a19cb8f8c4d75982ef9f5822e7b5a9e
62cd278b772bb57a5168aad668b005e13b6be59b	b1249fd6d0afef6bbfc3f744fe0457df56445796
6304bfde42f69183edf71cc2a6e78dc7e29869a0	f65380d9716fd29a0eb17b448b17f63a09c5c885
6444496df2a07ee513923fc9ff21d7a58e81689f	f79a3b5d070ee5a1affa5bc296ce130a28ca4b49
644523ba6fe2f8b5492cc6f7db4b9db7797467a3	14fbacc9f609d3b7b7e4a3025a9794699a811443
648c36bcc4720a49d03358bdbf07255552c9cdf4	efc445769866a2e862ed703545881647409f5034
649d04cae974ce6bb2e0874a19c709b8e00966bf	2cb501012109928950fb87453e87d84b7df5d0fa
64d9551ce0071c0f0d378ca8f61203e063ae81ad	df6da9d8263e52bf6e1f19b373fe708a9bf5cb4e
653f26a97d95b75e3954dd931adbe1a2fe772ebc	3a7e5c0ca4ece31a1633ce551ca4aa2eb8f5ce02
653f41d32bcc33fe6b417b933a2efe9acf3cc34e	815818b3c6427ed5a6a398b70e22e5cbb2d41b92
655fe9541a69773973b33c6fbbfa3b3f837c88b8	a22cc517cc945e23299c8a4080eecf509565ea64
656c134c9da55a3b4035321008116fa6bea96e6f	c51a8d7f7c3ef38337b596e5823deebbb092c002
659035f9dc985c049eab0d0a603af0cf96d83bdd	c6d84a522d2908c4a9339a0826d7cf9629d1954a
65d26941600ee634b0c77c93b8ffde0fd0a5b386	860f338ddd08d2d8730680e285c6e47347c344b6
65ef25c452d050b7874e4a60b0e5b34aeffe4b96	9658e21bcf1bc5f6b6a32cc0dfa4eccba47ab2b4
668ec4e98044cf3de9345511cc1c99eea20ff734	92b7668b028457d685da2b1d826d96f411484a17
66a17680e8cd3123d12ff2663cec854b78b49772	d878a1816408ecf39dee169a308e2042f7698cff
66cb818c860261b3bd20c662a600bbf43c490d46	6cbd4a4878f4ffba6bc9464eb29dfefadcc69d0d
673d8fdbef471e471afa86af45cbc6d1888bf857	fd1a368264ccd40a079d85081c6c304134eb6430
67b096f47e00acf15542d5724fbaa474b5ae5a7d	876d08479bb5a7856d16abe9e766a1ea25d20090
67c8e1f6d75b4e9f63068854803ce91fe229e965	8d5c31c0f768bbde140c97afcc9240de6adbb562
67e51847adc9d744837ab28c33f1eddd08cf7b4c	1bc00323715dc897f042a629045ffb16373310c1
6802f377e097d6a75b848b3727f3a622b2bf387e	65f0c96b0d3e34b62010069ab88c117b67fad7e1
68da8da3a595e702cf1da1cb71d9ffee3010d8d2	49c4bfd79be48f0027aaba16b649a7ff5682d3c8
68fa68701eb586b5be1ea6a396e10de6c1ada8b5	18029cfe0e16a9e31507e49e6b638a60e8e0caf8
6918e215743e65ffe8c16bc09017595ec8f3fa75	f1a88652fd3e439b02055a5198042fb1184c8bda
692539225fbe47f59cd5053bb5ef6bd8de132fc6	02df00ba88d5459cb59d180e14a4e64024e6e4a0
69b5eccf405954425935a10019a64a695f218606	fdbf8f835cddfa47f96ee2181990868c66b27e5f
69f47c7f82aa9b6fb0a1f3caee62ee767158765e	75d0fdb2da0b62512d520b8e1dc039b6c7ec3466
6a380347c13eb7e3830e8dd3dc2aefff9f98b965	61c922fc63af247c7f6504725729a16d8074be23
6a3c3f6b3ebc71bdd83fe1288f18bd1d9cff46a5	dce1d1a0757533e53e2855c827b306d2e138af8b
6a44e06e16c1692fcf59cb4a9ed88135e2da0450	5b245b2727717ebcc463559e889e5daa9c8cbcf1
6b0a426b17961b1d1c1516a23c0e8ac4c352288b	749241872ffad1a9a6e2ac37da500142cc3d204f
6b2fe04631b88759c5d273cc9c62105316857209	c29d9a3ee9f36c415b24c67e9080495513032140
6b7aba3fab37ea3d178ce341d290c3aefae0875a	27bf2e0767adb6ffa657a6cf7dce59c85a58db2e
6b8ab00c37905668e0eb96b0b11e96434d4cf976	c364be4c627a3b3ab6f162df12a60a83d3e56110
6be8bc47e71ab2aa1b7f13bc44d83cf97ef3cb09	906b3feedeb85d67c674792c936173ca9b97e2f3
6c0794ec979e3c11fbf665a9cbddb506ff385de0	4d05836f794d5fe14c42fcdc37a57def98360610
6ce0d409c7bb6715ef6dcf982a156e5ca1fd03a7	61ace0b6104585c5b9d86ed9e1a0079ff147e5ab
6cf4609083e67ae4a8111ef0ea7273ec6f9c202c	bdaaad61650e283e523a92cb6f90368d658ca31f
6d21a04d54697b18f113cd873312879400b7dda3	ed5f7f869eac52db7889d4ba7ce9170c0a692183
6d5a7740e885e5fbb8df45633f802737a84d1f64	499ffc0867f3a5416627443b64363c94b77617f3
6dd31621d9ca4a9d74c8ee315382333e910b4752	eef5e844a1a300773ae1e28c36e074bc26db1290
6dd9a9052eea9692001de6c46cf6f8077113efcc	bf67e976e06cde37ba02ed30712889c1f3955d38
6dea3c46258eee3d46fa2059638e0160ab8e3b1e	64882b5beea3d2f9d3571fd04ec2256733318c2f
6e29aa3ee595eea28447e9f0edae2da43e82e112	04b592b59d0c2677645a3ee1fa33fdc13b1c9f26
6f2ae9f5412b091ae5ade6b65ac9dbc2ffe30256	3f75947a0acdaa8f54e53366b9fda0587027de47
6f6d318e78238e298cc97de44a9dd895176394b2	24271d43fe0fe533dc0f5f554be812125fc1f5f9
6fd64523e50627edcfc7cc867f5077ee4d7bd4c7	4e841985f08922e4d520407f8d9583f355f3982a
6fdbd54fce8774505f04c802a789821398f20144	1af53174715d99cfa86ec16f39f89b1d090c15e9
6ff84b0871b8d86e2b661bafd8a149bb3c17bd6d	8b65b5e9d1331bc8c445c197e48873a9f5f505b6
703aeac23e87bf767f530234118e12beb6550383	d26643cc0d8bc67412a432c92e037d4a1ee9d33c
704fb70e352a85c1a5f74935b680d9c3c75647d8	80df07eab8187ab0e2c7537a1f2659ccb2666243
709bcd75b4205d8656df506c2af5947597377e30	164fdec959c76766f5374a531f0a7ca162656498
70c6687e1c636b2a3c8df0cdb0d86fa41aa38965	2ae93c4dcf9a16bb785ae3e2883fd24f1bfda44a
710f4a3a9c8b6484018458ede9fc4374dfca74a2	9f845751b5bf29c09815f87f91388289e75ea53b
7120e25ebdb9ae1126ff9309cc4da096d682198a	7f6000c8ff4ae01d6d3a09a95517072742fd532c
7154b619937fb08b15d446eb5b31d372101ebecd	cf46ca05427df74b7e71214d375d2bc197b90847
718c3fb3a414b2cfef9dc6a31109c542cf3a2e96	f4458024e79f6a505db34964187f3db1f72ee5b2
71a8a888052c0526f673b6c69ecce4afbbb03c7d	c132f3472594556aeb284e47c2b4c7f984ef23d4
71c1d54ea6c4bfa72ce919b0e8b32f0164aef7fa	7a9a934ddb4450b8afe3f840d5f2967adf7a8677
7213b1427ab96523500100c843904e278293a7bc	15b0a4d0fc5b2ef294e082280730f6d6394121d8
72c99f719e3d5f3cf49cb811722531ca54e11d52	ab72aee6571bca501c47b4b717966e1d0532bcf1
72f65f2482658a3b8ee75a9060e75cae4ea7303a	d68a3dff715c07666aaa274aa45005f8ac1a1be2
738e91ea3b9964f0a9683e2ea00d17f8d0c7f4ab	4be5fb2229a817b36b7a6787fbaca7b6ae60f0fd
73e50208ea44d921aeed2dfba74b5fc6a003f2bf	df72333b6817eb0768e938e38ae81f99af44c054
74279183607ab06425793b853f2aad47e74f8128	b41c11d4a16842e2d2d5618d6790c3f1a4b55d3b
7472ad87b9ec3db772b198e0c0e57ba7f198e141	cd4e4858e189d39af4590de5f3602572c9176931
7586ea8b4d17bf329f6e2b58242c729e0c06cd29	03ad22dcdcd4729e3e70cf8fd5ac937ff0d20d4a
75c24fd1ce4f3ec8d6ffdb18e8e969c2d65ebbb6	3e25dbd2bcba5764917393fa234e4c66d1767244
75deaeffbe7878b0f32ea58ea606af9791cec049	6dd37ebd31f15ccd81a5524492242f66799e5519
7615c65359a2f08640e6a9a01d25930beb5835c4	698324df46c6b1f4c4adc7d0716862dcd48d7057
76211639a5a68d59a8df8f6f740e707cd4d8d3a2	7bd76a20d16cd9a61f22756e4df987091256f24c
76980ee6105c35d8a466c7a0e6a41f05c0e12eda	0d8dca88a1744f79d715bbee7e0f6b9adc31b13f
76b5ecd9eb439c2663fdb37a2b89a5e96edba339	0209847c5ebf9e82a19928e3aa74a98e8b451486
770f863aba370bc6b5ecc15ee77a90a73bbdb88d	2ff6386a9b031a38c0b40a067ef028a14476b5b8
771b26fc742928a20d901078d5e5db4fa0f9efcc	938de0b7f7340c079c05602b8400da0dfc8b3827
7757d70ed92577cf6ac5403e5afa0a0bdae4690c	384f569652f1c122947c813888410313875ab902
775bed10807149a48397cc3bdb049c4f257da71b	187f3610398ecb5448790f5e2c0851a6b090a353
77e3fff3848d02c8317453c847c4c3ea9d9bc1af	ba6b7cb50553b0d5b4ab463d599e24fa8d5d5e9c
7824052eb07dbde86119fc25e514a93e17700a14	830f52ca22d426a665d5a2d2be8c526c76f30587
78512566cf8b2f7d25a14fd86036caf919109f4e	84912686644481d9288e7c6c0422ee9b6af2869c
7879709008cfb9ffc38b90e7e17b89815b0fb1fd	c10f555fa464ee3429df56f2d1bfa03c45a411e0
78845627613158af20df0c36741c9b42b32fbc02	1b2a95303ee6ce0dd3af0a0ca36231050ba8f8b9
7910fd6d6f31c18ef418756dbb4e6ff5026c43f6	1d20b99b9b0ee5eaf2e1431a4a1d2d9f812f0340
795341f5a0d5d3c704f134f6e888a3050a481b12	3ec4740cd7f78dac150eae8176249a537796081e
798372aa70db9040df0fca20a0036cffe8e58d76	23ca9ac74a5a873eaf979127053ba78297b9011a
79f0200d12d9912c3a8fcf064bcb3abadb1c30fb	492d0a4cd8c9bd99746fb1740793d6c5d9a8e35c
79fc1665b33e6fc0ce658577997cea585ab0822d	053905e4c6518e1314fe61d57eeb6628e8ac9e55
7a316fc1779819625c85118b8841d25bc9f882ab	db5765e1e0236e93c107e47ad40e7b0317008d0d
7a51232c1b858f91224e63a4980b49e37787fad7	a83000b8a23efb8afd14cc81bcf7f4efcf221e6d
7a5d10bf9ef7105bf9f1e79b105d47b1f9a5e3e1	4c9a5aa517835401794f26696bb2c66dfe01be5d
7a5fb046a7b15673bdfdbf8704b9eece8c56d283	96f2ce798080dbca645e53f65b8e6f1af80e5239
7a733c5d3b762a3dd01b9f444564ad051b9a9670	eb4e39afa629e9967f7da15c197f32a7160d456a
7a83c87efdf0fd46d2d4d57812ff8bd44223805e	0955ad176fe28ae6380b593a80e2e1a5b9956974
7aa7d3712721dcb46da13d728007321b6e26f5b0	a95dd0f0ed42ed2ea07843efd6ca4495de63244a
7abcad6d99633fbd48aca596288ffe354ab9869c	1b19de8c0b221208517215cbcd0ff89b1dd84494
7ae189a9534858ca3188d177f19341a25108edf3	6ec3fda71afdb9a5be123cc32c1682e7e2226cf7
7b154078263fe3bb7ac6c9c644c55ce088481219	4457f44cbeef84d5d22d74be57aba791ed2678c9
7bc5169006642b9725b85a953f89728d02708776	b5798b974b5beafe4edbc2824c96c56c8d63c90b
7bf28b297795a22160e41e283fe256d126acc52b	777a19c787fae4019af241303768df9ea99ad0d3
7c0d7b2d9c95915b421e95905367f201d0aa174c	d78a90ba7e2a17ab4fcedc0cbc0a84709c150130
7c4a25a665d8caa169efc1e635b062c24c0df83e	87df0dd140e17aad14a0c79f7fb5f6e7d399e20c
7c4fbaf38adf6bad03dede3ad9fa2816667e27ec	9d28e05248c84013466ebb0fdbdabe5ea8abc027
7c758186a744b7834ca0ef8df5bb7c97c4dbe0df	37bc008e8386c5b797eb42a212084acfad450830
7cb5f59ee6cced7daffaa1b2325003baa84b4117	112c1264d42a1ce6def55ac7c8de3ff0f902d3f0
7d76e07789b66f5194f69a572f8b913706362d77	a20b1c138508b2068e83cf8e9a6c299ade2ba37d
7dcae9d76d5a9495250a9939181a15ad7af37328	aaefaa70ebd938331930abd13dcad734ab45ae6f
7e23736af703d90c6fe3d484128008713ffb0fac	10fce2bd9c7ccfeb18b036490e0fe415d63e919a
7e2b138d8398709a30ca889c0f426b02700e0d76	19c86c5bc296b08752bf9d49f6726a0dbf91aff8
7e94e998297231fec928fe5af2725c1a16b3a5a4	28de472136508cbf36ad6dd690d338b854b40648
7ecd457ffd19442aff1b703de17b0056cba295a4	954375449c7de411f46c87ddbc4e783219be4286
7f251f7f78d727235f11ab1c27a971bf539c38ab	df161973939a6df51e9d6be55804a269f9bbdcda
7f2c0a48584240af8888b85e6aea03837a9c4b5e	793136225645a91d752164e9be7d48d99c59b840
7f3aaec2dd6b9c32cb9b1cb29af321826762ea00	0d82515a766d0ca83d4682c07b9aa7647a57182f
80488d5f3a23326278e80db31e52543ddbbcc40c	3c58336f9fa0bf0dcb9948b80e01253fcaa58377
80cca3fddf2d9ed90874e8c68cf568bd29fb3848	34cd030c6456e301f31695e2eab20b3d23afa965
80ce5f909c5b5f91adec796e3958ba3248d2bf7d	ac31752dd7a9ebcc9a7d02e46c9a90857a925d3a
81331a3d7e623f3cd7f974c6119d8120354ec063	b1a42bdda3c047eeabf52d12248da09afbdd5e78
82a3cd9f8096a2b42d49b0bb2980e66b8d9419b6	1246e1f0b48cf77ff5d89f39fd82b61f1cc20dcb
83424e79f7e00b775c34761a0fe1470878b5dcbb	241f89e16dfb0afca21afa9eadd6bb5c0dd4e2da
8397450d05e84f6396bb9e0d4303d882f7de7a95	73f5df78b0f7ab58408f8e59772b345b97f864a8
83a36136b8bed0032d25c6a2c8a024a06cd62e93	cd71a4a4275d226b2cf2a9d80583520582ec86a8
83c9987ff96e83748aa4efeef64017d53212891e	2bf35c709a0bde35ae1725578834228232e14d0f
83fa88af910165c3aeb5ff3449b80aff0d551c26	2ad3f7abee4fb3fad01d0bf24a36b4ab9a0ad1c8
8420bbd6c95090de6efee587a310493e248dd8a4	31a5da0903a7d00d8d29b405de363a830c1bfe4c
8491f291df9b82cdfeb650d7ecdf511f333bea52	efd3e52e214a4df7f6544a0013562b2a1e4035de
84dc7a0256a0dbd5b7d338ac43b00ad55959b944	1d4c9ce6ad9f69acf6d0ba0bc5e4ccace2188e2c
84e0cd73d0eef3502ee6e2bfbf553b256945a01e	57fd847a7bf66a12e47dfa193297c74c0a5094b5
8511fa1829cb457d7893836607ba6e1f8d058ca1	64a6bba7f040e693e6bbca0867ad8a22f72196d1
8528bbfab7273bb2635e7ff9d10fc7d410b535ce	2ffe12e02d470015fae9f579787c3b3c60a965a2
854e53ef6dcaebe7003755e2ca972979e2f4e5ce	a4672d9eb015bb67bc4adf59d547830300c548db
856d81c5cc7c618b126176afb71b9913bfb85af0	eb0ae326e894c5975eea58a8269d90f6778dd08c
8570da076f93dd35d36a4a143f1aa8143e616933	9bc1d33dca4aeccd8ef907d19aecd39ce63fc226
85c793db56b7dcbe63816e9e5d6a6ff4e6f7099f	2d85642c63db0d63d75c3fc6f95e7ff6b014c7ac
85d409e3b1af4485257ac605a346dc8d6f5c0977	f0bf9041027099de3a66ea0a84676897437b1c07
85d98f81636cd4a3a8fd33e6a543955823e17491	d60fdb126ccb3fd754ba172318dec4c9d2d429a9
8654ade01e0ab8b6e95954099993d0d4d91646f5	d872c3e0bad38d25fbf0354ac3d7e4038365afb8
871e6e9e43772e4c04d7a09241c4edd297f943ba	1b03004ba86570635a4e9680507aff115d0f458f
87b0adadc1c6ca1d67562334c7b056b90e391b97	42b418bcf24dfc33d95711d5fdb37989e740845e
87e78d11a92c74d52f25d6acb0d5b4299594b351	7bc2600d137cab64a5029b94906321029c44f109
87f8eea8996706f327944e02589168cf76b25f11	93aa11e20793ef7273aa7cafe8f82f5ff936a3f0
881251bec0adbc6bf4a509b7cefeaf50f5667af6	210764ba67c148a0df2e15cba9d0bcc8345da19e
881f2355c9e09877445fb422298f6660b11eb676	3a873f9d1445289bdcffe73f184d74017b48f800
886057b7bb0fcdd691401da6bce1a79955cdb2e1	32a2f3ca583776c8f1ee59859afc56bc4892c76f
889cd17485e9b6a1ece8e2880c3b64d94bcb47fd	f93f1c03501b24eca594c9aff4aaf71835a9c394
891e4788b8da2754f7b328d8739d873658decfc1	e18dd66a8d92bace5c69aa9d1c9d23f9c75aa56f
8934b2b0a0e80c35ccd07a89a56e332e7cb9277e	34afa702ea047245a261126f86517b315dd8b356
894f0a97690876760acc273aca0a2fe0cfec1909	63e8b7cf2515202302337877ddadf4fc834bf422
8971db43df6a098b9798af0dee605ce3946c8ed8	cd8112e6bbf1257117c34de8ac9913fe7e8d0a44
89d914d9ef46dbb698c5097c5af199a0e30a854a	22f668a6c9e50bf6ecc995b83fb614e7d2689217
89ec86664f8b251423168053d0f7c4909e0febdb	cbb1698b304e678fad7c4a558b264fef9b145234
8a56a476ad375c154c3beff3e68112912ceb71fb	fe86bcee799c6ce5b6a454e3f1342bf53e601d05
8babdf0e5ae317cdf2b94afc84c6cf5238ad994b	1f2317a1027f9053aec14aa44e9368ca902710b4
8bfa7d422216de8e5906f692b0245a57e6aafb11	fa42167da4df7cd82085e48b73791afbb576b4ad
8c5f685bc11a54a764345ef48fb0146cef9fc82a	1e0cc8eea3abc1e9a10bf03cdbbc8dbab4479f25
8ce0785435edf055a832deda7e0c5ec1d24fa713	7127c280d60c8e63ef691f8b8e012c9f6f3d2424
8d2afe2b82fd7ad149a40e1ab0fa75f261ccad47	612958aa602858682f570f7c2b7fbdde062726c6
8d6798847d398470f455f63cfcbd0e72ba14f521	4ef2dd918ff4e7e1bd68a9592fcf6180442edbde
8d8637ad684428e28a922aca8a9e957321039012	e22357dfdba851c4de1cbb0ce2357643222cdeb9
8d91665dda3d3f10507540f6b6ca55810b6970de	e9aa93dec6eb95fdcd43bb6f2b8cc7bbed01c0e8
8dc6e5674264173525467c9913c976fb38ead557	a3bec07f3cd58c3ad9797bd8ecb0464130cc3c12
8df6b789866351fdbe64dd0c9191e7018714268c	166261413903305f20eea934d343ddf06757bcf7
8e31d31f4b2f97687249daa721e0f27e6e6356c7	2f58f2e3c43cb3173f38e5ef5b2e3f78f565d973
8ec79ccc6aef99d95578faa46a95a7e57d30006e	87b8166d9b9c0acb8c9bd59eb2395c77a1470789
8edfad22410840727290b5c52c51f9c000465c28	dd3cb99ad8b2d65362c0842525b1a1e7e6ed5b1e
8f2e4fdfbee83844a46c7a9bc7034bb35d4c6a9c	22a8461d5edebd70bd97635148054c288f679b1e
8fb214698f809eb105ad497a7c48dd7d3b41c9eb	ebb9529a2a1b7805e7ab1888b583229018747697
8fb58c6994dd463146f20f5b2cfb93006d48fd4c	7e2014d69e9d9acbe7bc0a60e563865bdde19913
9002cb7c726991919d5e7eb12b1adb1e753ad0aa	a4f84683ad132fb4d8065b4896b618b20269c0dd
909a8a9287ea3ab9f636f4269b1f045f22ce87fb	d6d255dc5098e585dc584a5b9b02835bc7ef2ce2
911a63aacbe3747df37dc619179ee92b96736596	63c61fe11824e611d4785952f304c7854d25c261
919268d02f0029ef715c1cef0796b784bf7cd672	148f7fe10ed8fca86165e6267d930ced42685972
91eee021620a1df43263bf1712640d8f1fd1eca0	1ebc8e96bfde9b49aca5164741f49195717a0115
9226e5a929e1e9aa1e863ee65097f7377b2e65bc	701123fabc51f3f2af4144952db6cb64987d570d
92699dc9f0b74367f6bd4a79d3fb99d9a360018e	be1b4ce6e9fb0220f305a7596405d8679293a3c3
928c7193fcc540545371ddf470852de879f756b1	f993f039eb0bc7419c39149a5d9ed14d3ac8df29
92b08fb27991250a648d827ede95721eb48040ea	19f5c087c4719ea6d9e21eda3f9a5676c0032202
92c5aca10efee61c3b5db67510a27b7143ada258	dbc75af62be552d7345b7aca3cfe6e8527adaa5a
9374b60a67b624015310d811ddb80a718d872066	5dffdc3182d6b6e6d7648ed03e9ecbcde3cac1ab
94aa1684d6b66e842d4fe1b033013aa921c48947	4ab95d8e2996372b29b0e811979a07eec0ab68d4
94ae3c58a33d772c3aa1bc46d8e86f05ccf6d26e	7eee24e3248d7ec84642f330863f02fd9ca89aca
94d253566a09f90216bde405bf48bb56d00cd87d	557b2be97afab1e41988e2f1803ddf20c85a98b7
96bd2388f43c7c6b2ff834663352f4b2d33719f0	75203da849ac3b5360a8dd9806fe2407abb1a86c
977645658bd21e158580cddf3e0d84b02f2140ac	804aef18e3297339392cc092d109b6f4ac99aaef
97835a835ea112f007ff9004ef9405d99f88741c	c4ac77f89326d64c1b437f8300e8e605815007c5
9786b723282252563b5a19fe020ef8e13b92e5b2	6e14f7fc4c4e3f1793b9eda5bc0a55d418e7d8c7
988525d0ef1a062fb26b8b17a251927511f7f3b6	fd012bb1b137689164c89f1f5dc08b72588332e4
98d4eab595216ad179039b9b6a15447d55c17855	86959579b35460e06973345345108fe1a5a35de2
9932f0711ea092170878318376a824e5ba9c8b62	3296bcb4aa7cf6fd64cc282387c83d42c93aa2ee
994ef2ec7639e78639a48d5887f3d565d730817a	2c000584924435a432d8e057215d3f43172035ab
99627ff5fed4a2be5adaafb79aa6b213f880bad0	a5437c12f2ad6a818dc5b7cb501debb2d96c48f0
998d43912c0e66c2443b5755fdfa196c6450376d	9652c7d5467e1e6264f528f1d4ec8aa9c071fbbd
99ea139797d8cefd6b15f9b184d28ad552095e81	6a9abda7e17fdc6361e9021a202eb9fca4afe6aa
99fdc2e5323460be4808287b876ab56be375a82d	9dc50b9d0bfb985c9f61bfa16a5e57b61f595b59
9a151093adb063811d1fa1b6cd06d919bd95781d	99c96f9e5804f570eed28ba64939788190223a62
9ab7e2f53b7a77ee8645dd987152fe5d171a3f03	83ef96d76fb23b01743950de53edc502a7fe37e8
9ab85fe2e418c5d4eb9a7d4708f3901f6c054926	4c0a34f789efc3ba08d8570c57a207573203628a
9ad42ac9a42217745fb4221229a8c92df394220e	e981a14e0df48035eace0c0034dec578f39904fc
9b27816161e99167c13a4a098fd5d531d71b7c6b	a71f2d8027a80602cead4b3d3d0ea9c761929d48
9b638b93f73a5f0b51b5c7409b74013079c45d2d	90bdd540423f28941c4b435aa86732110866f6e4
9bd68816db8d166564f3d6c819bea41062a7572d	63e0b6d65a8a2265c3a21ccdb09e59b3c5030ba2
9c203ab2e74349ec0340b91ee3eac052437ee166	bc171776727adef659e70aa10ab4b8a80eaa4c64
9c3d303c70aef6cce4785035930c2980d2eff3e0	90d83969c622b3b7a009a3a8d2e13329cfe8c265
9c562d40d2deeb02e493aadb7d84893990dc57cd	c223e27eb09e0d16f95b52cdfb5517beadd0ae95
9c6abc3d21bc130ea0cb7cc7aab2253ac5a6d2d9	2f7bc58c3df849b8b4b6317ec708535ae95a346e
9cb6f6f8cc7dd925af2977f000a1434ed051e1d1	4bbcba85bed0e4ff1a9f6126e6cebb7d9b36ee4f
9cb71c0708070269b776063401b22264939027e0	d379b947d2b3dc1d27088299f5791be876a78eb6
9cdb48900c43134295f4a2f39e3e2f208c0d1866	fb37a37bcd6f390acd0fc1ed76efb4a5877fcaa2
9d2be96cc70e312afb7180544072583fae081cae	976016f18263ce62fdcb04a4a03c2d247daf8701
9d6566dac089386b1d14d8cbfc352ff203be92d7	a10c89000361bca6084373d9bb8176372954d7b5
9d816b1f529119a193764dcc450665e88aa55cd8	01a1a3a3528b5f4f1b12f918c90c48e8ecd12fdb
9d918b64dde30116eee0f621b7fcd630fbe13748	82ece72510540d609a31ec57f0d3560432397e6d
9db846e14a9f3100187540fa4c9fdf004f3129d9	71ec455df0bebcef4c6223240effcac7d5b40823
9dc762d4633b138288833132a8feb53edd5c3f4a	7d7e2da843d93038b2309b95097f48458458af0b
9dfc8bf42f755cf1ad0d4c5dcfcb0cb26f36fa03	ebb8915547ad4371e178915e5becb6d4a5946b06
9fdb67ef7d28239b0282aac5b834ae6838e7a9f8	c97844fa3837de4f93c12efe39bbfac951093a08
9fde84ab2375b8dd88e7541935006039091db310	594e457040c947719230eded7a14a7be601dc9e0
a004d1ee3489b2b8f46884042458155442a40361	64a89104d5f9fe2be91eed57255f6d15ff7f0223
a005202fd637ba8418fb83d587b00975108f416f	4d1b68ffb54b66a835b08dfdcbb87c67d185d6f0
a01c43ae8550bb62b92697118abba09712d3c612	5b28759e017734059583167efe7d199e03c1052c
a0d89ff3fcf0d7481880b09c82c3c1a9a31cc367	6f5915eb9058c68aad2841a6fdd65247698d4000
a108398a7e903e36c165f60489adb83d366949e1	dbf0385e421a9c2ce2433deb3458085953b65f33
a14f19bf6e56b3660b7c59bc3f9cb1d520e72f50	2dd7568445e24596f051d8dae614dcb9409c454e
a1db66c7adf28a9f5fc281bd2dfee39dd568b40f	7d2b31accf4e38aa81b634ee21fec0ce05035b4d
a28da0d8f669307cc2bda8056cf5934f089e48eb	0a2e2078dc219f9d3af8fb9837f1d6d0eee366aa
a2a20c89a93ad4cefa5d55dc30415c8ef3560114	1b4fce6cc2e4efbc1da51c6c9c7f3827545bba73
a2b3cd08134bf635546f4dd88c39534e43b44632	cebb60144a57bda0a72e41a04054774237d16914
a2bcf2e04d128dc2780ced57d2ad8aba8b85a986	82f9cb2267c2b418d90d10563c4352a872368e29
a2f06800de6aa10db42e9ba1db3c715a25fcd39d	b19f6bb22598b96a32ae7edad5a5ee5049412455
a3abc03bfdbb7246ffd10f7c26f01f78971f9e67	6a041078e495575e32599d71fc291c5521f47bbf
a4218a7eba7330482e8d065bb4c48357ed43e7a1	10228c029ea55feccfc1fc82a927fbc361a28b80
a459ac082f238f2b0bdc6365ba73481ce7307666	8e1bd4f1e3782fc12c2f66a2f462b17723b0520d
a46b9f318bff4aaef9233a35b584788cffb48f74	5d880f5392b9c85e7dd2f42908217ec496b9ee6b
a4801a1ecb5d27a8c7f27cae90683f68e9319343	0eae9a0aa32d66eb73998419677d911d595f8433
a4dbec644e7bd57f900429e38af46fd6c80a3c14	9d7a62922e6d487860f1ac686d76a3d8b4ac6f98
a583dbe4b86326ffcc9957aa2cbc541ab9d1157c	b890b890686c955174d012a0cacc15ab3fefc6be
a59d8e7a71a76417b2d33a1a18206fc67ccb98b8	bdec0928efbeaddbdf74082ae48f33734743b1f9
a68736bcea7230f4781c49aa0a84f900ef9b87d5	8155596bdad8d1597bf3d6502b15a4d58adf7821
a6df4101e31a74aba1567397ccd4950172b3b6e5	5284430acf439e5ae8e90ce32c7155a8eeb42422
a7559834e3bb92d98c9adb50c5afe8e48b877b27	d1392f63f515332eb51e409ee4c36476b47e9908
a77835b720391673145d6b2e264f866eda351695	ef5be6b4f89b7eaff4804abd72d09f3de2c6e598
a78772a44904cc6e42d0ba1aeed755cca7662c98	08584a29add3fc08ba969573b595f731075b6841
a801e21c8e09aa442414027f91006c8ff70de29a	2f2e1207aa05f0c44258bc2ee74b04494486819e
a8df69e746e06d9d0dc976cf670df7d576b5f942	b43491348a7d1ed415f7c190e537bdd4c2ef859f
a912297235fbf09498bd81e4d557c6945b5e5f60	5b71f2d21fef52b070b14a07b5ec757494396b10
a919b2b3cf93cdb41069f44de4b9ae182d3dc367	51406a30fc55b1e6a20f687c6483a581af34630f
a991b96d5c81c1080eee2d9700c0669dcc7fd35a	509c5dad5420be270bfada93814bb0069f4303c5
a9b78e07b3f3b8a8d71c8ac9ced56732ba03a288	0df586e924ab074fef7bf92be11f075d8e26d75d
aa2bdfa90b5d323b1b798356142a93acb5bc8e79	65911762246128f749a7f04e4fe794e2a576ef57
aa3791de8bba37ce8c8e28a5802c42dc987d74db	daed95bc883ae11baa2725e367944e439776494b
aa5a70b490b3824b6976c5f7c3657db01e24e7bf	04c290f2d4b7eb5a46ac30c2584383c3f753e3d3
aa7a5b8e0324b32eff39defff2a144f0ec9b84e7	366d6ebd88c4d3e9f52641a64441b220510bb868
aa7daeff27dba5fadb640e5b60ac814cb962f192	4d8ef02f7725279754a078d5ddeb27082d29be51
ab3117eb07eb1a597db60aee1168948e16d05396	ef62409850fa26a1ed6ee41d5f8fea3fc0e9652b
abd7505f8dda03e13fc152810975b46585c53a0e	b4eb9c7d6e6253bb4b3118ebb55a403f4f21a9ec
ac01aeba98b931cd731daa6d3c1b9fc0d8b8f4f0	4cfa1d57359b71c3dbadee31999ff111f79d6f9f
ac502e503694af66979191df8dc6b31e35f58e1f	74917c77c162201bc12038ed9217b433e01bb24b
ac97aa1a752cc4543b328364238cf232030022b0	38789a2cf0d0860027d31a0016868445f03b0691
acb738b74bae37e18d817e44eb594e8fde140851	bb7518adefc64a5d05a9044f1ada2ad549193093
ad08404d232587ae61aa41ac537871d6e63a53fd	f700b18814659f255ba34d86b373d68e6311826d
aea60f1bba822658e1f138d667663605279b9605	081ff8fdb5ee958f397b20b3fce5a0b5d1ea320d
aeb3cab494fdb7d954fc51520f620fbee47f5ecb	b69fb51789acd8f0cddcfd3c8be5cc4d0440220b
aecabcd63da45b855f5fc873916c6344f4a966b3	f68d31c29ee60a9413033bfbe7d9818bbfbbebf7
af832b6817b1db28b2c363e9d12a32a0a309d75e	7b695475f2cc17137aba57e888bc11852d8e9ed5
afae79d98ee46aff0051589539848baa10836a74	2940a4f8e9b1334dfcbd8803516e960da196077e
afcbdc5e41805efa04274f47c17eaee10080d0b4	b690017af2ea9a653afca2ac05afde01ee319f3a
aff363d54da8fb623937f92efe7dc727a2108cb7	cb86aaa34aabbb598672cc9f155a7a3fd24272a5
b0082604e1434c24c7aa6d3455757e54e89a3ab5	0aaaba6dcc3dc52d5c2604332a7fdced60dbe9a8
b03328fc4afdf17df9461d7c3c78deb613751f2e	2fcc3288556a6b569966cef0c259bbcaaf78b3e4
b077fde5d4634e29567c8cd3f3f28681e8f8be1d	c75462da11df5d32dbf20e591b2ade7a96af4378
b0cfaed5f34fa1b47c9e4a9aa65bb41b4a54e3e5	fe76b2c8b28074cc06a4b1b664e080a1e2fdc682
b0e57d46a4765631a5bf97cb445ab124927437d2	aca8b1b68c739f229dbef80769d465f37896cc10
b1193aa548c07e60ba4a078b0f050672b0b47d57	8c4bcf660f4f79b25e4d326bcc73e4663974b013
b164d8329d3b43bb47078082cc0e2a7f65dcadb0	411c080788b43cbe8a0ca0bc64ee2ecb0c58a61d
b1c0099258b1e8dc9ad59eb807c406a1509d1eb2	c0829d763a064db8f995adff4b4591aed53eb2da
b1ccf60fb7e4af1c9ec3932796edc349c9206914	f792d5f25187ba3a15756287976ca9fa3b85d1b5
b2038546f5c2152a26efab01bb506bfdd4fd4fa4	35cd4eaa86dac3517d834a319917a5e3bfcb233b
b24c3aa4e49c423cfbf98fc12691b517848ffc32	236f2c6d4100f965148681cc279ccf60efed4f6a
b30515340fbe4dc63255a930c5be0c9225eb0e56	ec1c3a19837d4ac83fc71917da7c95fc87250464
b3af9d0d287a710ca076401cfa3c6cfae21a133a	7900a3124f4ae75f664e4a10146e6c8c8ade097b
b3b0c5018e40729be22e2148f7e13b434530b46c	b847908345b55c1c2e5195f709bd2f689012b123
b4404236825fd5dafb6ad4cc9deb2d7964dba31c	31e8f0a941bf58db5b7d618a29adf76f8faf66c4
b5413e88b11a868b381c1eab0529e07a09e64fcc	ec8d0f6e4cffd2e77e8c20d15762f78123215fc9
b5780794dd94dc4be9279520caa72761aaefa90b	f5ba2d06eba4c5bc51419f1a57c814d0a6033c1b
b5bd73130039f41c09d5227b608de148b4431790	1435b5638cd0cedc187e5b1ccc3f758acd9c5f86
b6a2ade616ce9f19ac145e6d69159b3bea188dfc	a88c0af813b9c2e62fd2952d55b99bad00eb9753
b725a25367f62f0eedf94dc05193545b3572875a	a4780eaea7476a1b4c2d42aa739778833dc1ff52
b7d024962d590971d4bf1fa6b82df7f8db52c2c9	9449497d3ffa5facc0624939c4ee4c9c3260bbe2
b7f12dbc76c5e0b709268a87cd73e2acae5a7b14	95f0c5bc962ecef724e06c24a4997d5709b40226
b8147f01a1c487727b254ce8c3f12d9ed6ce4cc4	2fc7b32411d72166d49b6efadc8a56f8c40c7f20
b88a1f9c92bcbac5912aa3a2a75bde6b943f3f9c	f26d1e379c42162576538711fec454d99fb144a3
b8b9fa9649d70b585e1c7baf2239d154201185d5	9c118235975073034c427ffd6b472680c569bfaf
b8cd1c49acd68dac3cb4eb3b66e7d816110e18f9	688fcb6b2ca3c3543b46a91e359f5a7a6e596691
b8f718d8edee7cd23414987b70d9820a57af555c	1d4ca6ea633648dac812d434afbff63332804be4
b8fd3aedf4a45efe28f3b6411f7fbe3e731781c9	7256fdb3d93385b8bee1fc9fb106ee5a54906578
b91f27b72d73a7f2f5f9e01a3e94c13a60b44c3a	a57cfc87f0a1d34ecf0351f0f29bcfcae54291c0
b9cba1b20edf0bd98458960ed4a5e470d252ae70	ca1b24a5544d763ea7b7c438fb1c31d79064631b
b9cce0d6298ac19d064219602708417e6fa48c8b	a91cc0cc0f0e6cae9e302686d20da79913712b0e
b9d03a178fa7def9304f7675657a734874086b2a	b318a946b764870e3703cd9903ff54cb6ae406b4
b9de72a39c71820b97463831c0347a26f2d7c331	c2f52627c980260ac8c55d47a385c60a4828de94
bad21aac546abf2237dc818c179c933af8d61be6	8346c05a0363dffc0afa1e8b8ff867de5370885e
baf186feaac2324066d041e0f0afed18fc590227	a8ab471af1f8274c6489dcd25d95a59dc84c6161
bba6f5e544ea2d720fa45051573e56f11a3d1bc9	2a496bc49085827490edbcf4d291ea0e47d84f9e
bbeb48103aa2e0cd32fd50919223bb75150763cd	69e6cb353c7eb407f92cff4d9735eeb496c02b9e
bc2fd99449348f9693cd6ed8a25d2fe07f7019bf	7bc5a37df4424510025d05193185627bd90b631f
bc9f8d29400b73ba1d58328a90b0ee7cb0cf9839	383a8b988dd403a5086d34611ad3efe3a1eeb737
bd352223823c2edb8db2b59c555bb7c55b79effc	45543add110b7c9903fd2676530d6d6918ef1982
bd6037f0e43c9007710b9b1a2c6928dabdc1c841	be26719f45771d518d54d868e77c66c45a7132b8
bd9f214cb0f7eaf6bfc4b1bd538e0b2044159049	36212c84b62058dbc2366b9dc2779793cc695331
bdc23a639f31ed30be925a5eead07efd32365cc1	018fc2a5b33e60c816afa35c22c66dddc8cc2f08
be7c15c4f966439649a5a3ba361de73eb2b68709	83a69ee7ab03ea23b8b4a8634f355067e46cca39
bf15a1b67b7ad45673b34e2fbe64fef22976401a	7a9c7bc97312e63dd8e12ecc006cf058174f7eea
bf7033351518c72dff563906364d6637472bffed	b215a03f3f4ff063a351774e90f2436bb7dda70c
c00b86a4cc26d70f247964b4e5cc25be2969638f	265c5517f88d7969b3bbde37170df19d418986a1
c06e78dd71dd7a068da32040bf30311af7142c84	06c3450b08f8d130d44a13c20b305b55e86e9552
c0872acabec93a5f0da836dae484d4fbda06da11	cf96bafbac2be3ca3418c380d9163765e348b192
c0f4f8ae1971104a1beb0996c38b1ee7cee04abd	92b050cf0793ffe04979b3e3f8bd0ac628d7143b
c0fb670a7b5882623fe92b4a2cd98be199fde09a	c32414ac1ee39058f21ca7abd4fdf8fb9b1be951
c13b5676f883450cf66f0277c1d65e72d87e6405	21edfa1e2ca62545f62b2bf8ee0ad7f7e08cca48
c159cd4a3098464330b143723c5d01d56029925a	e05eab63db6b2396ba255c2ea01c7c706b44e560
c1ccb229c812ffcd52f4683f9072f9d4dd128f5d	84bed37bbb13793aa7eb093da59e6be65c3457b5
c1cde1d2c6a3db2f43bb49a48833e82fd5e530bb	669d68e0f4c41d6b49ef2afaa4816ceb1968c2d4
c1f2826f8c480cd209f49e2a4894e6393c748b2e	0183b84d8453fdba30da02b9cb71f13ecadcc8d2
c24738e9f80e9574e14ef9fca618caa379d9807a	c20f04d427731cfa68e2f22c8384527f3a2c7f9c
c2a4a1bca9508535a063919cd9ab12a15cf9b1e4	f2288bac1e96d8a9a25a5bc6cdf0bac8de46d6bf
c2b8ffa640616a7ead7e92511ee3eba85dc53ed7	ff77be17f9b95ed2bf352644034b142f3434ce8d
c2c61c815a64239029c9d30f04029aeff23d1226	2b066dffcd46a89449d34227188a454a2d63b140
c2cd7c04106da76a13097824fb9e146a72f939fc	09c6eeb20d96bad44aae9ec076f742b670997bb0
c3ea295acc0a1a28ba074aaed19d3f13df889537	915c3541b1bfa17210c943fdc622c705482e6b98
c4136cf8e3dfd2547761ab9bd6b422811f546529	1e0fe8501fed7f924a4e5e9f16f14698652a58f1
c4b23c463621462d4ed7e373c7ba649e48d412a1	6979080f9a86788cf5c0adc3da48226db4db2eba
c4b2b9891251b0d3cda3c63d7a1a041293ba0a75	ecb2539a536b0527e90d6ae7a29aed6e550d64c3
c5268b6d55afdd7fa637b189f1e7a84ddf136421	4cd17989219fe91e6b16c52f8c18c6fcf686bbd3
c556fb511e50af864a533fcb8f165fe8f9ae8edd	150ecf5e0accb4de0d55e3f1d1230f7171610ea8
c56189495ffce6faaeae1345fb7fcd7c30be9f1f	f1e0a4a629663b7933bb30b20c0241294bd2970e
c56696dec0a0322281261685669f3997630c723e	fe6a08b8ea5adbea7bf9e576415bf9ca38f5bf39
c58ee37dd06ce7393192deb59d78ef4cc38886cf	b9ddb45fc142f5a97bcc58796db3c6f60ab61cd5
c5a95db6b6938a58ef1ffb3c2387c4cf330f8973	d2d45833713f303549d0b78b0ab03071a5b13ad1
c5c718889e797a5834b502953a06943e012cf90e	32141e8d45ff8e40cf865fab31bf7b14e02d0236
c663ab3b5c1b157eb4d9c9b67cff08770ee83bca	d27f12ce86099ab04e619ecf32f417aca4b35229
c785558c2918c9e7f2565471c4911612a9684ac2	113e74c34a9702182330d6706691ae7bd5e48208
c83a10b3b55dc4be3ab0f72ffbb66eed98109422	4bd48ef34a9d3e608bc92af5e1376e3d56e559d7
c88b588ebbdfee9dd93b2c0197b792fff00ce5d1	6e6f39387d747795bd070a611ad144d9ff865907
c88b9b4f90b14a3af0931abb8e5d50f6b365e63d	517bbada00a19acf43a95a91f70081f21dbf1c11
c910b8a5b4b0da8f7cf2224071de89267e67afbb	a7a2c2a31789d7823413eb363832fd91befbcdb6
c928cf4266e423e7cb3f25f306e74b9873b1f5c3	caaaea87e2ecfab165ee21d652bdf69374aca58b
c99b5ee7dbf07b9a21f9edd006cf6783de6efec4	4eabe43f518596153676dbd1cb18e3127b149519
c99c53a79db02d26874ae87cfc41d627acf9ae8e	6b57aca3a1755b6f6ccd3e18c69a2a9829294390
c9b75ed8212e7f1a03859c7bb2aec1528ddfd1a2	205a3beea6cd6e83dca58ddcbbb276c1a58b92a9
c9d93c3e38329be5f166a2126633ba6379d98e0b	64ccf2ba37cf1e4ba1b44b6e70221adc42def793
ca475f512162a1de66da622d85d4ab0303a96c76	60f061e6f859e20442d27570f69f43f267518cd7
ca6dbe4b47d9ee9a88c97cfe2218219465393c5c	1f214f4d96fc0d8840922e7aa28f565d90226432
cbf0121c6004946f90afe5a80313788d2025017c	e87f399e9497d9fae473e1a61e10c42f8afc304e
cc763187dc252d4c77dd7930fc03b903a89d3c4b	d89a401f4b928e6d6b5469bb5939e84b019d1ce3
ccb57a2d0fa5c2000fe14517075c59e0ab07a9fc	0b5aa635a3e85beceed0f9b76206795ab478e4b9
cccc768d100782ba249eef321b66c6ec6b8c5343	8322ba52bca0275c7b3d8d984a51a4969a5683ca
cd08fd58a9537197a3f879592134bdeb1c9deec6	945bbb67be6a5db190a5221644174d108b3c52b9
cd2e36a439fdbe2fbda3f75e89914a9956d0a098	3f3ba2a5762d92e64448d6b613b404689aafb63f
ce0352680c0d5f2b64c55511e9d72719ff9efd32	47a3bb470739cdcb3d9156f0853d84518c145bc3
ce258591dc9489bb2bd629eab8b4fd3e0933d379	23ab01883fb9451d27a9a9a58ffa6bad79657e00
ce3e00c3411a444f1aa38307cd68fc7f06c7bb36	fa372aefd422ff52bc3e8ed683edd4a6c405a4f0
ceb66045a1a8d4496a7795cc74ba48a10bbfd4a6	91e126aef9144f66e176e3512136b15d0e88d431
cefbaba4a73bae3b4d08d86cffe94c65192bcdc3	540836dcf9e47adfc649b86b365f71b639a0aa27
cf28de4aa1be5ae0f0752a951bfc61ec749f1b8d	fe6735674cfe7bae8db45c0831ccda51f98cbd7d
cf2c461fcd3595f3243536a9fa9bbbdb519ac77e	a5ca9d55a3a828f9f47ffeef22fcbd576f2fe01c
cf7023ea2664116ce21b2472c0a2ec983484f0b4	849ae86581d9ab1bb6093a53669563a763934c91
cf8d76628cb4bb9b7e3368c288ec503708238e0a	6e7352e9d8942f52a7f231948b2977b9e28752b3
cfbb9115ec28381ba8c4288abfba1bddc25ffa79	ab27ebc15980afebc2f22f7f02d5767a1199f78c
d04e940674e0c59ce4ce29fbd694222378e2f23c	9f7309e6aa3ffc20d05f3eb8648db6b6d1d2f087
d06fa31f6d763f991bdad27598977a3f1deb9596	8258e2ee2a6792c060fd5368037508a7346c64f7
d0ab05a1e7be5a2168d46eb121628e6520668d1f	3f5943565749e1b2a6e3d8c642cec92ac1597b1a
d0c3bee7a67a1d9570e0bcf40f39dab8d2d36440	fae0291c396687b1d2f7491c314e57f6c9cd248f
d0ece87b82c0e74f958daa28fdb559a646df6823	031bd17b1fe1333c523b5d5abae767d11ef9ee9e
d14df77e920eefa38f4f96dec1a8e8a757b8a87a	69746319108dbbb77cc3c1ff06dbfaa20582f1fe
d19b9f0545353b294fba3b74cb1990712ceae262	09581620e29b391155806e3b12b1b8fe698ae489
d1b95807283e924c5f513511ce21d7e380236581	5c68e97c13bc3fb4d22d8e785c050646f72c08a9
d1e4e4f3506ca1a8533061d5f8c453cd0cc418ee	37788bd60724b2e474d02f34cb6182f11580ac42
d1ed0f8416ebba9e369d9082a24c64e2295524c2	39311c933c2155fb18cd1f7c5357a1aa71717b7f
d21fab5a9b75ef1ba5de7fbfa760d1fd6e67f1c5	0cb7459e7798ef61a23784a76fb1727aa8e17c7a
d23a3912f525d7e570f2285f521a77239fc56dd9	d6157b1bfec405fe9ddbd52c748612ac7dffbdb7
d28f607d5629ec538e9ec462a1d3376626a7c042	eb8a1e3e13af90df39929ed2cfdbd9b2b4acf7f1
d2975216d9fb4c71a893d715306c0de891827d4a	28564aa774882b38facd9804aa4a270892ef6e40
d2d2e5aca5fc5d098a5c2de4a9ad406af9661535	6e0cf2ac4a11706e80a5218d4977c46cae73d50f
d305f00344e206b6e76c69f778ba3ab5d489963b	36e9ed00118054eb5b11eb541befae7a46751e8d
d31739bd165e5eb52c9154affb077b6320e449c5	1ef3606c7942bfb22d68af7f8ce286804848943c
d3621053572699eb8ea5dd9235d539913934cf27	c05ff8d39e1763d6938a728ca74f2a4c09fdac31
d36b1e61d86f14d8d694d75a74fd2829fb1bb936	ef237ee070de57d0d2f53e4dd6781123f867658b
d377e3551c037605397aae5eea896912aa9d1fc6	62313f1dc84075e4f2ab6e9f6810e30f31232929
d3fc758120643c37d43f68731c99e21f24e0b029	a22b547238d2b446956f8c7ba2aed418ce7b8f26
d40de0b66d614ab46c06a2b54acbb41e11863029	a43d746c54ab13d016c51b9d8e7ff50fba632c1c
d43129dc07b3469737c56e306e1c4875bdd2f88d	d39f2233ec9bcbf0a45b3457e3632e783aeae8a2
d47d0fe9c921cb72f3493ee78e96bf4ea6789343	c2014e36e06ef2f8ce12637881d422c7e35f4770
d4d311177a61efdcaae720f9dca4ee79a6309c30	19d68792b549f2c052e3fd8064b2bb5b31638806
d4f97b1853873726ca0e41ddd04c203094c35c5f	f4563b1d1ac27c6b4f333c7b77cd4ab93e4bc9f4
d5089abbf89da2e982416ca603dce6b82f9f2828	fca3755b78f63a12d1113de429282a7d70d052fd
d5305ca60de6881491d0b7de6e908bdc7d378d13	5e3da23c5283381967a58839247440f98dbacdc3
d56d6a6bbc89361cbdb57fc469241ada27991f7b	53a30497d3e9464a29be102404f56d5365485979
d5fbec3ae7227aff0b99634952b7df89a1eed42f	4c433c0b2b1fd2f072ca5d1f4e631b4627ad66aa
d61113e4578914ad78d0177f279ec0600dd9064b	ad1007fe7307e6f408a27087b8954146c2fed43f
d6538caab52c345bb0024c122431184f02b19757	cc704cc846e5d7a9b68679c931ae54308793c023
d75f0d5809f7db80b53c0c2bad71d4dc946aad75	b58b5647a94e0abcba522c211a81c883fa998d69
d796b0e4fdb0098060d28e423000857619c14375	147ad17d9a4a5cfb81f668ad2934f5fa1a0902c9
d8612e7bd5fbfcc231439051c9720e8aa2bed736	7fbcd4820e623b7a9b2a59005d93effdfabe6388
d8b47b4247614feec42c8df7e466938ea054c969	6dac9724e4b70e3db60b9380b6cde83489e69a16
d8f6b329322b43b31286a0b06b9f7fb16671987f	d97203ef03792ff9c3ff271fe665dab25ba88eaa
d946bc77ee71db6b0a11c38d5829799db9a460d8	7811715afaacd7a2cfa9e98c9a4e2bdefff0e8cf
d96431bc9246eb4b12e97f553858ccdc51d9e18c	97636a8e1622b7bf0685d94bf5e0ccd98d20473b
d9c0bcd608fab18a26758a0867ba51ae0a4a2ea4	96f36626b8c8a964789f512783040d6159c9c43b
d9f59eaaa53f6d20836e31a5e0ba7d84f5a0cf9c	3306d1a51371e11926484f9ebeea7896ae629ad7
da2402f13ad72e88a7038d9af7fffb935ea70bc6	25c25cac52392c011a5498fb5692046685c09bca
da24c8f843312451be0ec9bd23ca1a32f9e572e9	6f7e8d4b88367f6a515770df4f0a8339b4750eba
dab365c5add34cc93f4bc5b63d3690cf438d94aa	a239c53907805f9984788551697660a5195c34d2
dadba1ea438a64e5b0ad40cc1eddf2fdce55724d	c3f64ce1f07ef1dc796ba79ad8926a96a57263c3
db020381d9d03a7ea81c55fd342aeed41db297da	a622f6e2a9ac7feeb913bcf565ee103c209e6120
db0b64e8f5a75aaf946da7771756097e9897dcc5	f3b45fa1f470fc3bf85587be004eeb2639833ccf
db2979143c01c30f4bca6e8bf9dbc3d10167ac65	ca55e58f55251a54d56b31181def374c103b9eb3
db365d1542fd245ad9498d9b0f6e1e402c6cc9e2	2aef9244dfd9d80c11955893f21e611699a8034b
dbda2b3859fbb0aaf5e2208f6ea47ceaddc6160d	277c7c5583706743e375f54a5d132bd584bed492
dbdd8d16a009683ae24ce0676fbd1824dc1a77f8	a1f1f72894b291fd38589104b0b2cff899ca7568
dc0390d3018c80291f718f2eead06051ba53eef5	fe06c9428bb1b0e53b55403a4ea1b0c490316d2a
dc413fc44a484de29e192087e22a73349847c1fe	2879ca3a14847e6cc45a8477ab2dd3e10a9fc3e7
dc54bfe4d2a93fbd988fffa0c5a03a5a4d8d088b	67469f1a5eae78abde639d86dc8710d13e008b0f
dc9bfc4073da64b353e361a1591503c19bd319fa	ad020f96071bc425069b97e15396a15403bbbeb5
dd47e20740cf4d36511a966f4d8e4a9662bf1094	06609a6e939e800dc15ed70682a1e5b4ed5cf775
de92129cfca5c733d73f72200d24a8c9870d997b	0993d686ac09707c2f6a7f92620e6a50f499034a
dec5017eea30e09a85b206e625c7a6fe5099df86	249957632c745ace42cc47af6d49aa388c81549b
df088b2ec5e919f18aa9ba4c58cc47692987a634	5c2be55d33e74d29115bbd26d05abe28dc7d15bd
dfba9a2ec9a21a10d369d878f9c5c466a787eaa2	91ad667708b594e273d3ed043b78613041cb608b
dfca1e059b0b7b9f70cf621147d98849fada4003	741ef8ca45041003b9ee9159f866013bc1e46bdc
e04922bd12b16618910a8d18ebdf6e2b5b76263b	da646e748233c06ffc38813dd54c3c3f85d57390
e068bf36e8053229a6db0e3387529bcbfbd60e09	ffda283e603266880b987d4e45f255a01c396869
e0b4a8ab1a25b14e47214a18eff80a8984d131be	c5566e6d5ec3fef39400568d2edabae03b7929f0
e0f0f684b2c49ba281a5e52f6bb7972430300302	366fa9f9af736f9e12a450471c0f4b869ca70aad
e187db01ad32f4d6afcf23fbae14c89d3ad459ce	34121eb3d9fa184b1a032d7c01423a207395d33c
e1ef2fe06932747411f07966c89a3f3248e21b6c	7818b94b56660c31bef91bac8ca01a0ab685fd7c
e27fb587c998807f531052ce34f6d836a4226142	da60f8f768c253d5097c4a1334291d6967691a48
e34eeaa84495f761a65d27e5560023a88cb76ae2	eac46e12b30a354bcd21a84bc192644f36ff33bd
e3832106fb33213cf10b8332fca09b0124cbec03	c9b6e6b91670ca1a177eb7922319a7911b820666
e383cf4d185e96200cc73d21d155b2fdbd368037	754fe2bf99c55ad324e9175acbaca45c101b94b2
e3b43d7656f8a141bfb440e0419eb3820d7ca772	d6be73b4232738ca9407c20d7c4a74da01fe9e59
e450b8b47d7ce9fe410a11adc66f41add6b7d889	158c9ebf20090932f82501c89397b0ec08faa519
e485e0a7dc05f67c87abc23d142ffe9fd193603d	20bae3a694b859550dcdf492c8f79161e00be3b1
e539cdcd8169badbb2567b6134a03b9a27e8804d	e28bea07de4688b918a42911449c731c568c5476
e54da83c92733c30f43ed4128b83aeda51225098	3bcb6e894cf0caf938e5110313ff11c9c99599af
e5a9d14aae83aebbf49a07db435f9bfd8af43f72	94b082f8196c96fd73990afe29113b6205b36124
e5c6096fbaeaaa902d6d73d33ef1bcaebccf48ac	ee4055098841085da87dcfde12f886db0c5da617
e5c993bb5dc78d8772bf352ffa0461f4b51e754d	f1c13d831241b26df4a31f51a6f504ffe2090539
e69e9978300d85bf2628cb82daea637bd4890bbf	764c1c13f5b25d5e07dd81d2bb863ed2dd6f5c39
e6b23e7bbd261bf80f7b7a0bd7f6e664f9fcdc62	73cfd5a2608f11713fe1851bbedfbdc244306336
e7d82bea89d34aae2a0cd854c35a7e991a5cf2ff	c0c05397b2942c7e964007903be1821d9c48b776
e7e086b43d3dd197d4471750f0b75c92bc67cb82	8c1caa7188ed842aad6cea1fe31f49d7408a4bb4
e82ea5ec18c4dddfc144025149555c7b9137838d	472623d712dc4b2c15400d160e4a2738130df417
e8593f0b3498aa669c8a0e79007640116ad760b0	32270c32cfe5872e1d0c5f26505c1644bfebe0b9
e8d019b25e02bf70b9b2eab08626bbd82d5d05ba	c4d685a305b65cfc63c8fbb87c19f81a89ad9402
e948149a2722258e69a4c28931012a56c5896594	da0da25876551a24d8eeffc8f3aab43279b31975
e99715003ee6e02153f1bf189c479c75fd581d4e	e24e47217e7f6b5e766c01f08c82242a3c1029ca
e9e7d5db729ba20d39a2ca4afa1e3d6e199273d3	149335d0c20aed8a0bd57b06ce088def988bf8da
ea190cc6f5936841e23b95a04263831c246ce650	50934ebad281678bdb7dba0fd6ff23f505ffde13
ea5d345adf7e302a4789c1066a784aeef99ee1b4	724dd7fafb66378d127fb65a995502c50812a1cf
eb040cf583eb29a0c9f44b71abe208427d98f495	cd15eaefd107bcb71d5165c3e9a31e37ec378bf6
eb16664610e9bcbe0eb8828e6ffc04514094fd34	b50133aa5ad2139ff099790e366dff876da884f5
eb2d28994fa14fd43ba42cd47e504bd045f263c9	4559ba02f535440895d75c3d984abca386d31f1c
eb5407abbf623189e9ec1482d276b9138bc5ce2d	c4920fae52ef1a40905f868058787081ada9cbd6
eb885898bbd49922c51ebbebd097acbc2a1578af	c06ff5c0fdad1215e33c0c1b2bd0bfffb62f5a01
ec25430b6fa6f2cf7ae091895552ff40e6465280	39b0483fde15275c8917d4d31868a2c8fca245f9
ed2a9105b604ba8098c510effa1a8d9a823b3259	c878a1e2cbf95320a96cf1e5e969a9c47c208325
ed3979f4b8ead6d8cad180e274e21dabc2bd797d	e05d04bc8330fb197775c622e6abef75ca9f63b4
ed5f29d77cb1f00a26320a6af66d08634ebd8f57	2c5625c82488e520f933589d7ad4d092b71ae1aa
ed6663669ef514cd60c5c7d5ccf856aa2f8469dd	06b6c8e22d17cd0114175b300e4c873db3421f37
ed8a9e9e1e70de694e9f613a407da76b656a6dff	732a1863777198ec3036d106ea03d3036ffd96a7
edbe91b964a6fb1710f4c8172100181418ec9819	edb94c199a73fce5375f5b17d0ccded6d122c6ef
edd792ff9ce6ecad3135d2027fc05597b523f710	fdfc4657a91b931c603bc1a4a633e9841476a2db
edda0850cc410bb1ad3144f196f6b3b16f917232	b7e90f34e3c3be2f289e105c52789d2c17943a83
ee042267ad091120275188f5319550cdf32514ca	a41efbd2a024545e19a393267439c420465d38f8
ee2e6942ab06a5adaff471be63d06bb0637aefc2	27866eb734566afde784b91ec8c1cc5a28b805ff
ee891781296accec123714fd7bb8a4f66711a54d	83622e80f481cca1445b6a827f1bebe907895412
eeca778cf504080def578227262d3fcf7fb0df29	9901aea323266291ab2ec7b4e2e808e9abaf1420
ef265bb276072df25f413b88b3afafc17737196e	59e40d9b5a19bbe8c8f6daba313da16f4110f63d
efb0114960ea92412526b25228ad31f190a2ff1c	8ea5de3faf126ec2adf1750ec03820edcdc00364
efc90e92aa7b860413f704d512cadb64e24883b8	c4a75f997a5ed70f79eb399ecf2fbf273da3963d
f0279156ea60ea8a058528e4dd4dcef8f1924f33	3b090ce0e45e85133265e6571793644fe58a64e7
f029835ec7a3e820c6b1ca83548cc3832ccaf8cb	6bf53dd0e48abfaad1aef4bf2c0937d23e610e18
f09c782012bc49032fae90cb0c2509ad17614fd3	bbeb7c9c637369e694ed933a3984f3bc8e783461
f0d21af2fa5acfc39ac5f31fb7bb4f0f7d633fd9	9936151ecfbf9c52b5a7762fa33b1d7987239e6f
f0d4bb2bd4836d723e9e8afa27b3d59f7f52c365	a9f4b94400d7c61e2dc8c0d2aab8d8099d2628da
f106cb21d6db50bcb96bc2738c1581e10d9a7544	d04e4c451ae5c37d2eef8697b6922bffbdc0a0e0
f1a453bf831b290561eabd80c127da97e9ede59d	6898046403a3b60b6378703d15dde3ffbac37733
f1a55ba1745bf80bd6f8f660b96d9e538093fdf8	c92434c4b2cc2ac0933f1a2b80aac1f5b2e2fdb1
f1c1d3343215e4f12f4630ef87092eda5530e811	5746626ec3c2f31bdf037cc84263000ae861b868
f1fef0ba7e21f34e4bb9e3140ff06302f94f6b33	bc6dffcb59372165dc790625ec6bd018fc1d2fe0
f2194764da14b59828013d0da997df6f584ad42d	83227b0d6704cf2cfbbcd18e90e38da055e7226a
f241e2c497f6362a56a6722ef46b4aab00a0f941	7c0767e34060da705145d1a9a4466cc1f5abe566
f2cfddee35f6a0eb6ff122008e07f9dd938c2b8a	b0c30c6d0ac280a9f36e3911d079cc04b30082a1
f2f86621242ebba8903f8dd98cdd3590f7718263	0e988501345a922b877edbd60365a7139cc9e921
f4341ce43f7ad028da5c93fcdc1ab70f41bc3bc6	96537cc2e51802c8d34e1b286fbc6a277fa1e46a
f52f6418ec163158c61732f14bf90f286a335df3	a2c46a0ef46eda15952e95f2ff0595590ea616a6
f53b1b1b56798526383a5fb0353f7b3a7342beef	19ff951ee6d7e9c4cb0ccedc3407b4b8d202bc33
f57f9987d4a9141b2f4f90c9e0422b4a0528980d	fda1f67e5abbb98bb322fff5ae9d1ccde5d83e17
f5c95f43b2e7e0e35d0d51f07ea00692ffc80db6	5d01b48ffcd7f95e686ecc9d7408ad4e87df35ab
f6b40e6d3ce99388152b81d8c7e572654abed18b	6e4b131985046b9e68c082114813417b4700a8a4
f7903e083711746cf6740668de852a74044dc65a	3a72acc269df557e908967ec9c96638a93297386
f7a9d6057ea74a5a92cd4e16896e5947cddb29f8	2360f88a0a29664bf28904554c81072b0c2aa14e
f7d88a3fbf31b0a19c0b82f85fb14a5d124cdfd2	a846a95b816f51a61016686d57e383bdced20ba9
f7fa8e11c22eeedd68e5aaed8acc807013b8ca07	9a2ae002d58bf66bd6160777d79891a2d0c55793
f8c5e4a7632010b8477ebb486de089fad2847ded	52fe3abe46238e1f42b60ae76ab8c91a91a06d22
fa7cb5e20f3514981d78a791ac0d4d2c2f96c49a	d692c64eab9c1a4b70c5579de394fbe855dcb17b
fab66d1ce778de0de8f2938887676c305e2d6841	2fe8c8f1d7615c6c9fb09e36988304841a6528bf
fb39e376072b011d8dd695ed6219a4c78e44848c	30b26dae90c4b22245ea48238220398b32b41170
fb5810f92da0aa9388d878e2300a14cafb5193d1	6271645cc9b3f4b66e385a403c2bff21091d4bb8
fba4186345a68c225ca651dc51a10394624b732b	a434ecd0731dbf738aa249913227e7fef8032801
fbcd52547f465f806268125e2bce6c16f4fbf4f2	de1ed74c4f70608bab5504517c2bc9dee0cedc42
fbf8b04e195a83bf948f8584979de85d81e75e9f	6308a6648a2046be460c2bf38f971d2d95fe854a
fc98966b8f720b16c0ffffca6cf4128aff7218ac	6011ef80cb8790ad3d5aac9b544544a4ec6887ab
fcdb3e3db846238fead1bfebbed7e1e37f0568b5	0186ba75c9cc3b893e0030c01045406a8119cdfc
fd34c55155e09196981cceaffafa58efa5fbaa5f	0c8f28b2fa112bfe4ce8babbbd505f8396e791f5
fd3b5d3eefed5384f674d0ed9ba61b7b17c9666e	7945ca3768216390cbf039e6c9033e22214ca954
fd8ba10a215201188313a5715953e04f348f8644	a2f29a3975b8d219640b994ec52e1a6609843d69
fe1cc8771f14f6e25665a3e72d8d2b1541846d6c	f2a7938153ebdbef7c6555f365e521fac96ce6cf
fea39881f86cfaa55bcfdc89a1a834c628c5a767	dd2cb6b4b1339366540ec089d9cb187c074966e8
feaa09363d41fbb2d0b35dbc828a389b8ad022df	00422dabe6234803516ed241c3a8d2f755b69f82
feeeb704c3895b62637c885f404947ff1c64db8f	b35dc9eadfeebe93b455585acb8576aae9fb2e85
fefb186012914a1a577c985800f755e6c5de02ec	78349c34a8933b009b2db7ef59301d0cb27fb310
ff443b8855b6311f890cc61e4d93e677116f1b0f	5f677e5ea7c40c55c6da3882bff0dff09519d00d
ff580aba1767b37498e766cf426188938f55dd06	f313a3cd26352ce0dd89994d31fbd7e6320eaad5
